session_id,events_in_session
s_1,4
s_10,10
s_100,15
s_1000,12
s_1001,15
s_1002,16
s_1003,3
s_1004,10
s_1005,11
s_1006,8
s_1007,8
s_1008,5
s_1009,3
s_101,7
s_1010,7
s_1011,20
s_1012,3
s_1013,13
s_1014,14
s_1015,13
s_1016,15
s_1017,3
s_1018,20
s_1019,5
s_102,4
s_1020,17
s_1021,6
s_1022,16
s_1023,4
s_1024,9
s_1025,3
s_1026,9
s_1027,8
s_1028,8
s_1029,6
s_103,7
s_1030,12
s_1031,10
s_1032,12
s_1033,11
s_1034,6
s_1035,7
s_1036,3
s_1037,4
s_1038,9
s_1039,11
s_104,14
s_1040,3
s_1041,6
s_1042,4
s_1043,14
s_1044,3
s_1045,9
s_1046,13
s_1047,22
s_1048,4
s_1049,3
s_105,7
s_1050,5
s_1051,6
s_1052,4
s_1053,5
s_1054,12
s_1055,18
s_1056,11
s_1057,8
s_1058,6
s_1059,4
s_106,7
s_1060,10
s_1061,7
s_1062,4
s_1063,6
s_1064,9
s_1065,3
s_1066,5
s_1067,8
s_1068,8
s_1069,3
s_107,8
s_1070,19
s_1071,7
s_1072,25
s_1073,8
s_1074,3
s_1075,11
s_1076,8
s_1077,6
s_1078,8
s_1079,3
s_108,3
s_1080,3
s_1081,3
s_1082,3
s_1083,8
s_1084,3
s_1085,9
s_1086,10
s_1087,14
s_1088,9
s_1089,6
s_109,16
s_1090,9
s_1091,3
s_1092,7
s_1093,15
s_1094,11
s_1095,7
s_1096,56
s_1097,7
s_1098,3
s_1099,10
s_11,9
s_110,6
s_1100,6
s_1101,18
s_1102,6
s_1103,8
s_1104,6
s_1105,8
s_1106,6
s_1107,16
s_1108,7
s_1109,4
s_111,3
s_1110,11
s_1111,7
s_1112,22
s_1113,3
s_1114,8
s_1115,5
s_1116,5
s_1117,7
s_1118,4
s_1119,10
s_112,13
s_1120,5
s_1121,32
s_1122,32
s_1123,3
s_1124,14
s_1125,17
s_1126,8
s_1127,7
s_1128,6
s_1129,7
s_113,10
s_1130,8
s_1131,3
s_1132,9
s_1133,5
s_1134,8
s_1135,12
s_1136,6
s_1137,9
s_1138,17
s_1139,24
s_114,3
s_1140,21
s_1141,4
s_1142,12
s_1143,8
s_1144,11
s_1145,9
s_1146,6
s_1147,15
s_1148,4
s_1149,5
s_115,10
s_1150,10
s_1151,3
s_1152,3
s_1153,3
s_1154,7
s_1155,6
s_1156,7
s_1157,8
s_1158,12
s_1159,10
s_116,4
s_1160,6
s_1161,5
s_1162,7
s_1163,9
s_1164,24
s_1165,21
s_1166,7
s_1167,5
s_1168,3
s_1169,11
s_117,10
s_1170,4
s_1171,8
s_1172,4
s_1173,5
s_1174,8
s_1175,7
s_1176,10
s_1177,10
s_1178,12
s_1179,24
s_118,3
s_1180,7
s_1181,8
s_1182,3
s_1183,11
s_1184,6
s_1185,13
s_1186,12
s_1187,4
s_1188,11
s_1189,8
s_119,13
s_1190,25
s_1191,26
s_1192,6
s_1193,5
s_1194,7
s_1195,8
s_1196,8
s_1197,6
s_1198,9
s_1199,11
s_12,11
s_120,25
s_1200,8
s_1201,6
s_1202,23
s_1203,8
s_1204,4
s_1205,18
s_1206,10
s_1207,23
s_1208,7
s_1209,12
s_121,12
s_1210,5
s_1211,3
s_1212,13
s_1213,14
s_1214,5
s_1215,9
s_1216,7
s_1217,6
s_1218,5
s_1219,7
s_122,3
s_1220,14
s_1221,7
s_1222,3
s_1223,17
s_1224,7
s_1225,9
s_1226,4
s_1227,19
s_1228,3
s_1229,10
s_123,3
s_1230,3
s_1231,6
s_1232,16
s_1233,8
s_1234,21
s_1235,15
s_1236,11
s_1237,3
s_1238,3
s_1239,3
s_124,14
s_1240,38
s_1241,10
s_1242,14
s_1243,4
s_1244,9
s_1245,7
s_1246,21
s_1247,3
s_1248,3
s_1249,7
s_125,36
s_1250,9
s_1251,3
s_1252,7
s_1253,5
s_1254,6
s_1255,7
s_1256,18
s_1257,3
s_1258,4
s_1259,10
s_126,10
s_1260,5
s_1261,12
s_1262,17
s_1263,5
s_1264,3
s_1265,3
s_1266,8
s_1267,4
s_1268,7
s_1269,12
s_127,5
s_1270,5
s_1271,15
s_1272,3
s_1273,3
s_1274,3
s_1275,10
s_1276,17
s_1277,4
s_1278,5
s_1279,12
s_128,3
s_1280,7
s_1281,11
s_1282,6
s_1283,14
s_1284,8
s_1285,14
s_1286,8
s_1287,32
s_1288,5
s_1289,9
s_129,14
s_1290,12
s_1291,10
s_1292,9
s_1293,8
s_1294,4
s_1295,4
s_1296,3
s_1297,18
s_1298,9
s_1299,9
s_13,25
s_130,7
s_1300,4
s_1301,18
s_1302,7
s_1303,6
s_1304,9
s_1305,10
s_1306,6
s_1307,5
s_1308,8
s_1309,10
s_131,11
s_1310,5
s_1311,7
s_1312,9
s_1313,4
s_1314,44
s_1315,11
s_1316,4
s_1317,14
s_1318,12
s_1319,14
s_132,3
s_1320,5
s_1321,3
s_1322,15
s_1323,5
s_1324,14
s_1325,4
s_1326,11
s_1327,13
s_1328,5
s_1329,17
s_133,7
s_1330,8
s_1331,5
s_1332,9
s_1333,5
s_1334,3
s_1335,14
s_1336,4
s_1337,7
s_1338,22
s_1339,9
s_134,4
s_1340,5
s_1341,5
s_1342,6
s_1343,8
s_1344,6
s_1345,8
s_1346,7
s_1347,14
s_1348,26
s_1349,6
s_135,19
s_1350,13
s_1351,17
s_1352,9
s_1353,16
s_1354,8
s_1355,7
s_1356,13
s_1357,7
s_1358,18
s_1359,19
s_136,8
s_1360,11
s_1361,9
s_1362,11
s_1363,12
s_1364,3
s_1365,4
s_1366,26
s_1367,6
s_1368,8
s_1369,3
s_137,3
s_1370,6
s_1371,24
s_1372,28
s_1373,7
s_1374,17
s_1375,12
s_1376,7
s_1377,3
s_1378,5
s_1379,16
s_138,8
s_1380,12
s_1381,35
s_1382,4
s_1383,7
s_1384,5
s_1385,7
s_1386,6
s_1387,9
s_1388,14
s_1389,6
s_139,4
s_1390,37
s_1391,14
s_1392,5
s_1393,5
s_1394,11
s_1395,3
s_1396,13
s_1397,7
s_1398,8
s_1399,4
s_14,7
s_140,15
s_1400,7
s_1401,29
s_1402,7
s_1403,14
s_1404,9
s_1405,6
s_1406,6
s_1407,6
s_1408,9
s_1409,10
s_141,7
s_1410,6
s_1411,13
s_1412,10
s_1413,22
s_1414,8
s_1415,16
s_1416,7
s_1417,16
s_1418,7
s_1419,3
s_142,56
s_1420,18
s_1421,5
s_1422,3
s_1423,7
s_1424,14
s_1425,4
s_1426,12
s_1427,12
s_1428,18
s_1429,7
s_143,7
s_1430,3
s_1431,3
s_1432,3
s_1433,16
s_1434,5
s_1435,5
s_1436,12
s_1437,3
s_1438,11
s_1439,7
s_144,6
s_1440,5
s_1441,4
s_1442,25
s_1443,10
s_1444,22
s_1445,3
s_1446,7
s_1447,10
s_1448,23
s_1449,4
s_145,8
s_1450,21
s_1451,3
s_1452,3
s_1453,12
s_1454,6
s_1455,13
s_1456,9
s_1457,7
s_1458,22
s_1459,14
s_146,21
s_1460,4
s_1461,8
s_1462,8
s_1463,10
s_1464,3
s_1465,5
s_1466,3
s_1467,5
s_1468,9
s_1469,5
s_147,5
s_1470,6
s_1471,10
s_1472,22
s_1473,6
s_1474,7
s_1475,45
s_1476,16
s_1477,4
s_1478,3
s_1479,3
s_148,10
s_1480,9
s_1481,5
s_1482,7
s_1483,12
s_1484,19
s_1485,10
s_1486,8
s_1487,12
s_1488,3
s_1489,24
s_149,10
s_1490,4
s_1491,19
s_1492,9
s_1493,3
s_1494,6
s_1495,8
s_1496,22
s_1497,5
s_1498,12
s_1499,3
s_15,8
s_150,12
s_1500,22
s_1501,5
s_1502,10
s_1503,4
s_1504,10
s_1505,8
s_1506,10
s_1507,17
s_1508,7
s_1509,6
s_151,34
s_1510,3
s_1511,5
s_1512,4
s_1513,6
s_1514,6
s_1515,4
s_1516,3
s_1517,9
s_1518,12
s_1519,11
s_152,13
s_1520,15
s_1521,3
s_1522,8
s_1523,7
s_1524,11
s_1525,11
s_1526,8
s_1527,5
s_1528,3
s_1529,4
s_153,5
s_1530,5
s_1531,5
s_1532,6
s_1533,5
s_1534,6
s_1535,8
s_1536,9
s_1537,9
s_1538,3
s_1539,4
s_154,14
s_1540,11
s_1541,8
s_1542,8
s_1543,20
s_1544,5
s_1545,4
s_1546,6
s_1547,28
s_1548,9
s_1549,5
s_155,11
s_1550,6
s_1551,5
s_1552,17
s_1553,24
s_1554,3
s_1555,6
s_1556,3
s_1557,7
s_1558,3
s_1559,11
s_156,3
s_1560,9
s_1561,6
s_1562,7
s_1563,11
s_1564,17
s_1565,10
s_1566,9
s_1567,5
s_1568,12
s_1569,3
s_157,8
s_1570,5
s_1571,5
s_1572,9
s_1573,10
s_1574,8
s_1575,4
s_1576,9
s_1577,16
s_1578,4
s_1579,5
s_158,3
s_1580,5
s_1581,7
s_1582,20
s_1583,3
s_1584,13
s_1585,27
s_1586,5
s_1587,3
s_1588,5
s_1589,15
s_159,8
s_1590,10
s_1591,6
s_1592,12
s_1593,9
s_1594,10
s_1595,6
s_1596,8
s_1597,3
s_1598,9
s_1599,10
s_16,6
s_160,7
s_1600,4
s_1601,7
s_1602,5
s_1603,24
s_1604,6
s_1605,22
s_1606,8
s_1607,9
s_1608,4
s_1609,11
s_161,4
s_1610,6
s_1611,6
s_1612,8
s_1613,3
s_1614,14
s_1615,10
s_1616,15
s_1617,5
s_1618,3
s_1619,3
s_162,14
s_1620,11
s_1621,10
s_1622,17
s_1623,7
s_1624,3
s_1625,9
s_1626,4
s_1627,6
s_1628,6
s_1629,5
s_163,18
s_1630,7
s_1631,9
s_1632,9
s_1633,8
s_1634,5
s_1635,5
s_1636,13
s_1637,19
s_1638,9
s_1639,10
s_164,6
s_1640,13
s_1641,10
s_1642,7
s_1643,3
s_1644,4
s_1645,26
s_1646,13
s_1647,13
s_1648,4
s_1649,5
s_165,12
s_1650,5
s_1651,26
s_1652,17
s_1653,3
s_1654,7
s_1655,6
s_1656,3
s_1657,6
s_1658,9
s_1659,4
s_166,9
s_1660,14
s_1661,3
s_1662,31
s_1663,10
s_1664,5
s_1665,10
s_1666,10
s_1667,4
s_1668,11
s_1669,8
s_167,4
s_1670,6
s_1671,3
s_1672,15
s_1673,24
s_1674,9
s_1675,5
s_1676,20
s_1677,7
s_1678,5
s_1679,17
s_168,13
s_1680,6
s_1681,8
s_1682,4
s_1683,5
s_1684,7
s_1685,4
s_1686,11
s_1687,13
s_1688,9
s_1689,3
s_169,9
s_1690,9
s_1691,3
s_1692,4
s_1693,23
s_1694,3
s_1695,4
s_1696,7
s_1697,14
s_1698,21
s_1699,15
s_17,15
s_170,3
s_1700,4
s_1701,3
s_1702,9
s_1703,9
s_1704,16
s_1705,9
s_1706,7
s_1707,17
s_1708,10
s_1709,11
s_171,4
s_1710,4
s_1711,3
s_1712,7
s_1713,12
s_1714,7
s_1715,5
s_1716,8
s_1717,9
s_1718,3
s_1719,10
s_172,5
s_1720,7
s_1721,3
s_1722,12
s_1723,3
s_1724,10
s_1725,5
s_1726,9
s_1727,9
s_1728,8
s_1729,8
s_173,6
s_1730,20
s_1731,3
s_1732,5
s_1733,3
s_1734,4
s_1735,23
s_1736,5
s_1737,9
s_1738,4
s_1739,12
s_174,5
s_1740,3
s_1741,12
s_1742,9
s_1743,3
s_1744,7
s_1745,10
s_1746,6
s_1747,3
s_1748,10
s_1749,4
s_175,10
s_1750,7
s_1751,6
s_1752,10
s_1753,13
s_1754,7
s_1755,12
s_1756,4
s_1757,4
s_1758,19
s_1759,4
s_176,25
s_1760,7
s_1761,13
s_1762,8
s_1763,4
s_1764,7
s_1765,6
s_1766,8
s_1767,4
s_1768,25
s_1769,8
s_177,8
s_1770,13
s_1771,5
s_1772,12
s_1773,9
s_1774,8
s_1775,3
s_1776,11
s_1777,8
s_1778,8
s_1779,5
s_178,14
s_1780,17
s_1781,4
s_1782,9
s_1783,10
s_1784,4
s_1785,7
s_1786,6
s_1787,35
s_1788,26
s_1789,13
s_179,6
s_1790,12
s_1791,16
s_1792,15
s_1793,3
s_1794,4
s_1795,7
s_1796,9
s_1797,10
s_1798,8
s_1799,7
s_18,22
s_180,4
s_1800,5
s_1801,7
s_1802,4
s_1803,8
s_1804,8
s_1805,21
s_1806,10
s_1807,4
s_1808,13
s_1809,9
s_181,10
s_1810,3
s_1811,5
s_1812,10
s_1813,16
s_1814,3
s_1815,6
s_1816,13
s_1817,3
s_1818,13
s_1819,5
s_182,7
s_1820,4
s_1821,13
s_1822,25
s_1823,26
s_1824,4
s_1825,11
s_1826,7
s_1827,4
s_1828,3
s_1829,14
s_183,7
s_1830,8
s_1831,8
s_1832,8
s_1833,4
s_1834,9
s_1835,17
s_1836,5
s_1837,5
s_1838,3
s_1839,10
s_184,8
s_1840,10
s_1841,13
s_1842,6
s_1843,9
s_1844,12
s_1845,9
s_1846,10
s_1847,7
s_1848,5
s_1849,3
s_185,24
s_1850,12
s_1851,5
s_1852,3
s_1853,4
s_1854,4
s_1855,3
s_1856,7
s_1857,4
s_1858,6
s_1859,3
s_186,11
s_1860,11
s_1861,16
s_1862,14
s_1863,15
s_1864,4
s_1865,4
s_1866,10
s_1867,16
s_1868,8
s_1869,22
s_187,3
s_1870,11
s_1871,12
s_1872,3
s_1873,3
s_1874,4
s_1875,4
s_1876,3
s_1877,13
s_1878,7
s_1879,5
s_188,3
s_1880,6
s_1881,5
s_1882,23
s_1883,16
s_1884,23
s_1885,8
s_1886,5
s_1887,6
s_1888,16
s_1889,9
s_189,5
s_1890,4
s_1891,3
s_1892,6
s_1893,21
s_1894,9
s_1895,6
s_1896,9
s_1897,19
s_1898,7
s_1899,5
s_19,3
s_190,4
s_1900,9
s_1901,7
s_1902,5
s_1903,19
s_1904,9
s_1905,3
s_1906,17
s_1907,5
s_1908,8
s_1909,6
s_191,3
s_1910,21
s_1911,16
s_1912,10
s_1913,9
s_1914,10
s_1915,3
s_1916,11
s_1917,8
s_1918,3
s_1919,9
s_192,4
s_1920,6
s_1921,6
s_1922,5
s_1923,9
s_1924,5
s_1925,3
s_1926,11
s_1927,7
s_1928,27
s_1929,3
s_193,9
s_1930,3
s_1931,4
s_1932,6
s_1933,17
s_1934,7
s_1935,12
s_1936,3
s_1937,15
s_1938,4
s_1939,10
s_194,11
s_1940,11
s_1941,9
s_1942,6
s_1943,6
s_1944,12
s_1945,6
s_1946,8
s_1947,9
s_1948,19
s_1949,3
s_195,14
s_1950,6
s_1951,11
s_1952,4
s_1953,6
s_1954,3
s_1955,6
s_1956,11
s_1957,17
s_1958,15
s_1959,7
s_196,4
s_1960,21
s_1961,13
s_1962,6
s_1963,7
s_1964,5
s_1965,5
s_1966,10
s_1967,5
s_1968,6
s_1969,11
s_197,5
s_1970,12
s_1971,13
s_1972,6
s_1973,8
s_1974,9
s_1975,5
s_1976,4
s_1977,8
s_1978,8
s_1979,5
s_198,7
s_1980,6
s_1981,3
s_1982,4
s_1983,22
s_1984,12
s_1985,7
s_1986,6
s_1987,6
s_1988,5
s_1989,17
s_199,6
s_1990,5
s_1991,5
s_1992,21
s_1993,6
s_1994,4
s_1995,11
s_1996,6
s_1997,6
s_1998,9
s_1999,5
s_2,10
s_20,22
s_200,11
s_2000,11
s_2001,3
s_2002,4
s_2003,11
s_2004,3
s_2005,13
s_2006,6
s_2007,7
s_2008,24
s_2009,7
s_201,6
s_2010,13
s_2011,5
s_2012,11
s_2013,12
s_2014,11
s_2015,11
s_2016,14
s_2017,12
s_2018,3
s_2019,17
s_202,14
s_2020,7
s_2021,3
s_2022,7
s_2023,6
s_2024,3
s_2025,3
s_2026,5
s_2027,10
s_2028,8
s_2029,30
s_203,6
s_2030,4
s_2031,11
s_2032,4
s_2033,10
s_2034,9
s_2035,6
s_2036,12
s_2037,6
s_2038,10
s_2039,6
s_204,5
s_2040,14
s_2041,29
s_2042,15
s_2043,7
s_2044,7
s_2045,3
s_2046,6
s_2047,3
s_2048,6
s_2049,12
s_205,3
s_2050,4
s_2051,4
s_2052,10
s_2053,5
s_2054,7
s_2055,10
s_2056,5
s_2057,7
s_2058,11
s_2059,3
s_206,15
s_2060,6
s_2061,12
s_2062,8
s_2063,3
s_2064,7
s_2065,5
s_2066,3
s_2067,25
s_2068,3
s_2069,5
s_207,4
s_2070,6
s_2071,5
s_2072,6
s_2073,7
s_2074,3
s_2075,8
s_2076,3
s_2077,5
s_2078,13
s_2079,3
s_208,3
s_2080,4
s_2081,9
s_2082,8
s_2083,8
s_2084,15
s_2085,5
s_2086,10
s_2087,4
s_2088,3
s_2089,7
s_209,11
s_2090,13
s_2091,7
s_2092,5
s_2093,9
s_2094,5
s_2095,5
s_2096,13
s_2097,9
s_2098,18
s_2099,3
s_21,12
s_210,17
s_2100,3
s_2101,10
s_2102,8
s_2103,9
s_2104,14
s_2105,11
s_2106,15
s_2107,5
s_2108,13
s_2109,9
s_211,12
s_2110,13
s_2111,8
s_2112,8
s_2113,5
s_2114,7
s_2115,11
s_2116,7
s_2117,4
s_2118,3
s_2119,9
s_212,12
s_2120,18
s_2121,6
s_2122,7
s_2123,38
s_2124,8
s_2125,5
s_2126,9
s_2127,3
s_2128,4
s_2129,4
s_213,21
s_2130,16
s_2131,17
s_2132,20
s_2133,8
s_2134,3
s_2135,15
s_2136,12
s_2137,9
s_2138,10
s_2139,6
s_214,6
s_2140,12
s_2141,8
s_2142,14
s_2143,4
s_2144,9
s_2145,9
s_2146,12
s_2147,8
s_2148,14
s_2149,3
s_215,3
s_2150,5
s_2151,7
s_2152,4
s_2153,4
s_2154,14
s_2155,6
s_2156,11
s_2157,6
s_2158,6
s_2159,7
s_216,4
s_2160,23
s_2161,17
s_2162,4
s_2163,19
s_2164,7
s_2165,7
s_2166,6
s_2167,5
s_2168,5
s_2169,7
s_217,16
s_2170,39
s_2171,22
s_2172,6
s_2173,14
s_2174,3
s_2175,3
s_2176,7
s_2177,8
s_2178,12
s_2179,9
s_218,15
s_2180,7
s_2181,8
s_2182,8
s_2183,7
s_2184,8
s_2185,13
s_2186,5
s_2187,13
s_2188,4
s_2189,4
s_219,4
s_2190,14
s_2191,7
s_2192,3
s_2193,3
s_2194,11
s_2195,16
s_2196,11
s_2197,5
s_2198,13
s_2199,13
s_22,5
s_220,5
s_2200,5
s_2201,3
s_2202,9
s_2203,7
s_2204,6
s_2205,11
s_2206,6
s_2207,7
s_2208,5
s_2209,19
s_221,18
s_2210,8
s_2211,17
s_2212,5
s_2213,17
s_2214,6
s_2215,11
s_2216,4
s_2217,8
s_2218,5
s_2219,4
s_222,5
s_2220,15
s_2221,7
s_2222,7
s_2223,8
s_2224,39
s_2225,3
s_2226,6
s_2227,17
s_2228,4
s_2229,31
s_223,12
s_2230,6
s_2231,14
s_2232,7
s_2233,8
s_2234,11
s_2235,3
s_2236,14
s_2237,11
s_2238,4
s_2239,4
s_224,12
s_2240,9
s_2241,8
s_2242,23
s_2243,6
s_2244,12
s_2245,8
s_2246,10
s_2247,8
s_2248,12
s_2249,5
s_225,16
s_2250,33
s_2251,3
s_2252,10
s_2253,3
s_2254,5
s_2255,3
s_2256,5
s_2257,6
s_2258,7
s_2259,6
s_226,13
s_2260,8
s_2261,4
s_2262,8
s_2263,8
s_2264,11
s_2265,6
s_2266,15
s_2267,9
s_2268,10
s_2269,9
s_227,3
s_2270,23
s_2271,7
s_2272,3
s_2273,10
s_2274,3
s_2275,7
s_2276,10
s_2277,5
s_2278,24
s_2279,8
s_228,5
s_2280,8
s_2281,3
s_2282,9
s_2283,16
s_2284,3
s_2285,12
s_2286,3
s_2287,11
s_2288,7
s_2289,5
s_229,4
s_2290,9
s_2291,9
s_2292,35
s_2293,7
s_2294,7
s_2295,7
s_2296,26
s_2297,16
s_2298,14
s_2299,6
s_23,7
s_230,11
s_2300,8
s_2301,9
s_2302,4
s_2303,19
s_2304,8
s_2305,4
s_2306,6
s_2307,8
s_2308,6
s_2309,8
s_231,4
s_2310,5
s_2311,13
s_2312,9
s_2313,14
s_2314,7
s_2315,32
s_2316,19
s_2317,7
s_2318,13
s_2319,6
s_232,5
s_2320,13
s_2321,22
s_2322,12
s_2323,4
s_2324,4
s_2325,5
s_2326,5
s_2327,12
s_2328,6
s_2329,6
s_233,30
s_2330,6
s_2331,4
s_2332,5
s_2333,8
s_2334,4
s_2335,7
s_2336,3
s_2337,5
s_2338,18
s_2339,16
s_234,15
s_2340,3
s_2341,13
s_2342,13
s_2343,8
s_2344,3
s_2345,7
s_2346,5
s_2347,41
s_2348,5
s_2349,19
s_235,4
s_2350,7
s_2351,8
s_2352,9
s_2353,6
s_2354,17
s_2355,3
s_2356,3
s_2357,8
s_2358,6
s_2359,9
s_236,8
s_2360,9
s_2361,13
s_2362,9
s_2363,11
s_2364,5
s_2365,5
s_2366,5
s_2367,10
s_2368,3
s_2369,13
s_237,9
s_2370,4
s_2371,8
s_2372,5
s_2373,13
s_2374,4
s_2375,3
s_2376,7
s_2377,13
s_2378,8
s_2379,4
s_238,4
s_2380,7
s_2381,3
s_2382,18
s_2383,4
s_2384,11
s_2385,3
s_2386,7
s_2387,17
s_2388,9
s_2389,5
s_239,12
s_2390,5
s_2391,7
s_2392,4
s_2393,11
s_2394,23
s_2395,14
s_2396,9
s_2397,4
s_2398,8
s_2399,17
s_24,16
s_240,3
s_2400,10
s_2401,12
s_2402,13
s_2403,7
s_2404,8
s_2405,8
s_2406,6
s_2407,14
s_2408,11
s_2409,4
s_241,4
s_2410,10
s_2411,6
s_2412,8
s_2413,8
s_2414,12
s_2415,8
s_2416,8
s_2417,28
s_2418,3
s_2419,7
s_242,5
s_2420,12
s_2421,19
s_2422,19
s_2423,16
s_2424,15
s_2425,23
s_2426,6
s_2427,32
s_2428,14
s_2429,4
s_243,8
s_2430,25
s_2431,12
s_2432,13
s_2433,5
s_2434,5
s_2435,3
s_2436,13
s_2437,4
s_2438,11
s_2439,23
s_244,5
s_2440,7
s_2441,4
s_2442,4
s_2443,4
s_2444,6
s_2445,11
s_2446,18
s_2447,6
s_2448,12
s_2449,12
s_245,14
s_2450,4
s_2451,3
s_2452,6
s_2453,12
s_2454,5
s_2455,13
s_2456,7
s_2457,10
s_2458,10
s_2459,3
s_246,15
s_2460,11
s_2461,9
s_2462,22
s_2463,9
s_2464,6
s_2465,7
s_2466,8
s_2467,4
s_2468,11
s_2469,6
s_247,14
s_2470,6
s_2471,11
s_2472,4
s_2473,9
s_2474,5
s_2475,3
s_2476,7
s_2477,4
s_2478,5
s_2479,3
s_248,4
s_2480,14
s_2481,9
s_2482,3
s_2483,4
s_2484,8
s_2485,7
s_2486,15
s_2487,19
s_2488,5
s_2489,9
s_249,7
s_2490,13
s_2491,3
s_2492,4
s_2493,20
s_2494,27
s_2495,3
s_2496,5
s_2497,3
s_2498,12
s_2499,7
s_25,6
s_250,6
s_2500,3
s_2501,8
s_2502,9
s_2503,15
s_2504,9
s_2505,19
s_2506,3
s_2507,21
s_2508,6
s_2509,6
s_251,9
s_2510,6
s_2511,5
s_2512,9
s_2513,4
s_2514,12
s_2515,20
s_2516,6
s_2517,10
s_2518,5
s_2519,6
s_252,11
s_2520,8
s_2521,6
s_2522,3
s_2523,10
s_2524,11
s_2525,18
s_2526,5
s_2527,30
s_2528,5
s_2529,10
s_253,8
s_2530,4
s_2531,8
s_2532,6
s_2533,8
s_2534,12
s_2535,31
s_2536,5
s_2537,5
s_2538,5
s_2539,3
s_254,4
s_2540,5
s_2541,17
s_2542,5
s_2543,23
s_2544,7
s_2545,10
s_2546,4
s_2547,9
s_2548,6
s_2549,3
s_255,8
s_2550,19
s_2551,7
s_2552,7
s_2553,7
s_2554,5
s_2555,13
s_2556,5
s_2557,5
s_2558,8
s_2559,3
s_256,10
s_2560,9
s_2561,7
s_2562,16
s_2563,7
s_2564,6
s_2565,7
s_2566,7
s_2567,10
s_2568,5
s_2569,5
s_257,3
s_2570,9
s_2571,10
s_2572,21
s_2573,8
s_2574,7
s_2575,9
s_2576,3
s_2577,9
s_2578,4
s_2579,6
s_258,4
s_2580,8
s_2581,10
s_2582,9
s_2583,17
s_2584,3
s_2585,8
s_2586,3
s_2587,3
s_2588,14
s_2589,5
s_259,6
s_2590,6
s_2591,10
s_2592,7
s_2593,13
s_2594,10
s_2595,11
s_2596,15
s_2597,7
s_2598,8
s_2599,8
s_26,6
s_260,3
s_2600,7
s_2601,7
s_2602,8
s_2603,3
s_2604,7
s_2605,22
s_2606,7
s_2607,21
s_2608,5
s_2609,8
s_261,3
s_2610,14
s_2611,7
s_2612,6
s_2613,35
s_2614,3
s_2615,7
s_2616,16
s_2617,8
s_2618,3
s_2619,8
s_262,7
s_2620,6
s_2621,6
s_2622,19
s_2623,7
s_2624,4
s_2625,6
s_2626,7
s_2627,15
s_2628,10
s_2629,4
s_263,25
s_2630,18
s_2631,12
s_2632,9
s_2633,5
s_2634,9
s_2635,4
s_2636,12
s_2637,12
s_2638,11
s_2639,9
s_264,6
s_2640,5
s_2641,6
s_2642,7
s_2643,12
s_2644,6
s_2645,9
s_2646,5
s_2647,27
s_2648,19
s_2649,9
s_265,5
s_2650,14
s_2651,30
s_2652,7
s_2653,3
s_2654,9
s_2655,18
s_2656,9
s_2657,6
s_2658,3
s_2659,6
s_266,13
s_2660,22
s_2661,13
s_2662,10
s_2663,8
s_2664,12
s_2665,10
s_2666,3
s_2667,6
s_2668,3
s_2669,8
s_267,14
s_2670,14
s_2671,6
s_2672,18
s_2673,11
s_2674,20
s_2675,10
s_2676,3
s_2677,5
s_2678,17
s_2679,10
s_268,3
s_2680,6
s_2681,11
s_2682,8
s_2683,12
s_2684,14
s_2685,8
s_2686,3
s_2687,8
s_2688,12
s_2689,7
s_269,14
s_2690,20
s_2691,11
s_2692,9
s_2693,5
s_2694,5
s_2695,12
s_2696,6
s_2697,7
s_2698,6
s_2699,29
s_27,10
s_270,3
s_2700,4
s_2701,17
s_2702,7
s_2703,13
s_2704,11
s_2705,10
s_2706,16
s_2707,9
s_2708,3
s_2709,15
s_271,11
s_2710,3
s_2711,6
s_2712,3
s_2713,3
s_2714,5
s_2715,10
s_2716,12
s_2717,7
s_2718,10
s_2719,5
s_272,11
s_2720,7
s_2721,5
s_2722,13
s_2723,9
s_2724,9
s_2725,9
s_2726,9
s_2727,8
s_2728,12
s_2729,4
s_273,12
s_2730,3
s_2731,15
s_2732,7
s_2733,4
s_2734,3
s_2735,16
s_2736,3
s_2737,9
s_2738,17
s_2739,19
s_274,7
s_2740,6
s_2741,13
s_2742,10
s_2743,10
s_2744,3
s_2745,5
s_2746,4
s_2747,11
s_2748,5
s_2749,18
s_275,10
s_2750,15
s_2751,6
s_2752,5
s_2753,10
s_2754,3
s_2755,16
s_2756,5
s_2757,6
s_2758,18
s_2759,15
s_276,16
s_2760,17
s_2761,12
s_2762,34
s_2763,4
s_2764,6
s_2765,12
s_2766,10
s_2767,7
s_2768,12
s_2769,8
s_277,25
s_2770,9
s_2771,4
s_2772,17
s_2773,9
s_2774,8
s_2775,4
s_2776,9
s_2777,11
s_2778,21
s_2779,5
s_278,9
s_2780,7
s_2781,18
s_2782,22
s_2783,3
s_2784,8
s_2785,21
s_2786,11
s_2787,12
s_2788,7
s_2789,3
s_279,15
s_2790,9
s_2791,12
s_2792,27
s_2793,8
s_2794,10
s_2795,5
s_2796,13
s_2797,8
s_2798,11
s_2799,3
s_28,3
s_280,6
s_2800,16
s_2801,7
s_2802,17
s_2803,4
s_2804,7
s_2805,10
s_2806,10
s_2807,11
s_2808,3
s_2809,6
s_281,14
s_2810,9
s_2811,9
s_2812,8
s_2813,6
s_2814,7
s_2815,6
s_2816,11
s_2817,22
s_2818,3
s_2819,11
s_282,5
s_2820,12
s_2821,5
s_2822,3
s_2823,6
s_2824,3
s_2825,7
s_2826,5
s_2827,9
s_2828,5
s_2829,5
s_283,14
s_2830,8
s_2831,13
s_2832,21
s_2833,8
s_2834,7
s_2835,4
s_2836,14
s_2837,11
s_2838,8
s_2839,3
s_284,7
s_2840,4
s_2841,3
s_2842,18
s_2843,12
s_2844,9
s_2845,6
s_2846,33
s_2847,4
s_2848,12
s_2849,3
s_285,7
s_2850,5
s_2851,13
s_2852,12
s_2853,10
s_2854,11
s_2855,11
s_2856,5
s_2857,8
s_2858,10
s_2859,4
s_286,9
s_2860,3
s_2861,8
s_2862,7
s_2863,5
s_2864,3
s_2865,7
s_2866,10
s_2867,9
s_2868,5
s_2869,7
s_287,10
s_2870,6
s_2871,5
s_2872,9
s_2873,3
s_2874,4
s_2875,14
s_2876,7
s_2877,13
s_2878,11
s_2879,17
s_288,13
s_2880,5
s_2881,7
s_2882,6
s_2883,6
s_2884,24
s_2885,20
s_2886,12
s_2887,17
s_2888,7
s_2889,21
s_289,5
s_2890,8
s_2891,4
s_2892,7
s_2893,3
s_2894,4
s_2895,5
s_2896,13
s_2897,8
s_2898,4
s_2899,6
s_29,4
s_290,13
s_2900,11
s_2901,5
s_2902,3
s_2903,10
s_2904,4
s_2905,15
s_2906,7
s_2907,14
s_2908,4
s_2909,42
s_291,12
s_2910,17
s_2911,9
s_2912,7
s_2913,6
s_2914,6
s_2915,7
s_2916,3
s_2917,22
s_2918,12
s_2919,14
s_292,4
s_2920,6
s_2921,12
s_2922,12
s_2923,13
s_2924,6
s_2925,15
s_2926,5
s_2927,10
s_2928,11
s_2929,10
s_293,9
s_2930,7
s_2931,5
s_2932,6
s_2933,6
s_2934,12
s_2935,12
s_2936,35
s_2937,5
s_2938,18
s_2939,4
s_294,9
s_2940,13
s_2941,7
s_2942,10
s_2943,10
s_2944,3
s_2945,28
s_2946,3
s_2947,4
s_2948,14
s_2949,9
s_295,12
s_2950,11
s_2951,12
s_2952,5
s_2953,9
s_2954,7
s_2955,6
s_2956,3
s_2957,6
s_2958,6
s_2959,11
s_296,6
s_2960,8
s_2961,13
s_2962,24
s_2963,4
s_2964,7
s_2965,13
s_2966,11
s_2967,8
s_2968,6
s_2969,4
s_297,10
s_2970,3
s_2971,14
s_2972,5
s_2973,4
s_2974,4
s_2975,3
s_2976,7
s_2977,16
s_2978,3
s_2979,5
s_298,10
s_2980,19
s_2981,7
s_2982,18
s_2983,11
s_2984,12
s_2985,11
s_2986,7
s_2987,3
s_2988,11
s_2989,7
s_299,4
s_2990,13
s_2991,11
s_2992,3
s_2993,3
s_2994,8
s_2995,9
s_2996,7
s_2997,3
s_2998,8
s_2999,4
s_3,9
s_30,8
s_300,3
s_3000,3
s_3001,37
s_3002,15
s_3003,6
s_3004,3
s_3005,6
s_3006,10
s_3007,10
s_3008,6
s_3009,4
s_301,3
s_3010,12
s_3011,30
s_3012,5
s_3013,9
s_3014,10
s_3015,3
s_3016,5
s_3017,4
s_3018,20
s_3019,9
s_302,3
s_3020,22
s_3021,10
s_3022,10
s_3023,19
s_3024,7
s_3025,15
s_3026,3
s_3027,11
s_3028,6
s_3029,14
s_303,9
s_3030,6
s_3031,8
s_3032,5
s_3033,8
s_3034,12
s_3035,9
s_3036,7
s_3037,7
s_3038,7
s_3039,5
s_304,16
s_3040,3
s_3041,14
s_3042,10
s_3043,12
s_3044,29
s_3045,5
s_3046,4
s_3047,5
s_3048,16
s_3049,22
s_305,7
s_3050,12
s_3051,5
s_3052,6
s_3053,8
s_3054,9
s_3055,15
s_3056,6
s_3057,10
s_3058,4
s_3059,7
s_306,11
s_3060,9
s_3061,10
s_3062,3
s_3063,3
s_3064,9
s_3065,3
s_3066,8
s_3067,10
s_3068,6
s_3069,3
s_307,6
s_3070,14
s_3071,8
s_3072,3
s_3073,4
s_3074,14
s_3075,7
s_3076,3
s_3077,9
s_3078,4
s_3079,16
s_308,8
s_3080,10
s_3081,5
s_3082,8
s_3083,5
s_3084,9
s_3085,13
s_3086,4
s_3087,7
s_3088,10
s_3089,3
s_309,14
s_3090,6
s_3091,16
s_3092,7
s_3093,14
s_3094,4
s_3095,6
s_3096,3
s_3097,7
s_3098,4
s_3099,12
s_31,4
s_310,24
s_3100,4
s_3101,4
s_3102,13
s_3103,10
s_3104,8
s_3105,5
s_3106,14
s_3107,5
s_3108,6
s_3109,17
s_311,6
s_3110,3
s_3111,4
s_3112,15
s_3113,19
s_3114,9
s_3115,9
s_3116,3
s_3117,13
s_3118,3
s_3119,6
s_312,15
s_3120,3
s_3121,9
s_3122,31
s_3123,3
s_3124,3
s_3125,5
s_3126,10
s_3127,7
s_3128,15
s_3129,5
s_313,6
s_3130,11
s_3131,4
s_3132,8
s_3133,4
s_3134,8
s_3135,11
s_3136,14
s_3137,7
s_3138,8
s_3139,5
s_314,11
s_3140,7
s_3141,3
s_3142,4
s_3143,4
s_3144,3
s_3145,3
s_3146,3
s_3147,11
s_3148,3
s_3149,24
s_315,3
s_3150,4
s_3151,5
s_3152,6
s_3153,10
s_3154,6
s_3155,11
s_3156,16
s_3157,9
s_3158,11
s_3159,19
s_316,15
s_3160,7
s_3161,5
s_3162,3
s_3163,20
s_3164,5
s_3165,6
s_3166,10
s_3167,3
s_3168,6
s_3169,16
s_317,6
s_3170,8
s_3171,5
s_3172,25
s_3173,3
s_3174,4
s_3175,6
s_3176,8
s_3177,12
s_3178,11
s_3179,8
s_318,5
s_3180,5
s_3181,12
s_3182,5
s_3183,8
s_3184,21
s_3185,15
s_3186,6
s_3187,4
s_3188,18
s_3189,6
s_319,5
s_3190,15
s_3191,13
s_3192,11
s_3193,5
s_3194,5
s_3195,20
s_3196,6
s_3197,9
s_3198,3
s_3199,10
s_32,4
s_320,7
s_3200,12
s_3201,8
s_3202,9
s_3203,5
s_3204,11
s_3205,20
s_3206,11
s_3207,5
s_3208,15
s_3209,3
s_321,5
s_3210,4
s_3211,5
s_3212,9
s_3213,5
s_3214,10
s_3215,3
s_3216,5
s_3217,12
s_3218,6
s_3219,5
s_322,5
s_3220,3
s_3221,8
s_3222,5
s_3223,5
s_3224,6
s_3225,9
s_3226,6
s_3227,6
s_3228,6
s_3229,6
s_323,5
s_3230,4
s_3231,5
s_3232,7
s_3233,8
s_3234,8
s_3235,5
s_3236,5
s_3237,13
s_3238,8
s_3239,9
s_324,13
s_3240,8
s_3241,12
s_3242,10
s_3243,7
s_3244,12
s_3245,4
s_3246,9
s_3247,11
s_3248,19
s_3249,18
s_325,7
s_3250,6
s_3251,11
s_3252,3
s_3253,13
s_3254,17
s_3255,9
s_3256,5
s_3257,5
s_3258,7
s_3259,4
s_326,4
s_3260,3
s_3261,9
s_3262,5
s_3263,9
s_3264,15
s_3265,12
s_3266,4
s_3267,5
s_3268,10
s_3269,11
s_327,4
s_3270,5
s_3271,4
s_3272,4
s_3273,4
s_3274,5
s_3275,8
s_3276,3
s_3277,3
s_3278,3
s_3279,6
s_328,15
s_3280,6
s_3281,15
s_3282,7
s_3283,5
s_3284,7
s_3285,21
s_3286,3
s_3287,6
s_3288,17
s_3289,22
s_329,12
s_3290,7
s_3291,8
s_3292,21
s_3293,7
s_3294,19
s_3295,9
s_3296,12
s_3297,4
s_3298,13
s_3299,9
s_33,11
s_330,10
s_3300,3
s_3301,5
s_3302,13
s_3303,12
s_3304,13
s_3305,14
s_3306,7
s_3307,4
s_3308,7
s_3309,9
s_331,11
s_3310,21
s_3311,12
s_3312,30
s_3313,10
s_3314,6
s_3315,3
s_3316,18
s_3317,5
s_3318,4
s_3319,5
s_332,7
s_3320,6
s_3321,5
s_3322,6
s_3323,8
s_3324,20
s_3325,9
s_3326,13
s_3327,8
s_3328,5
s_3329,4
s_333,11
s_3330,6
s_3331,17
s_3332,9
s_3333,14
s_3334,5
s_3335,6
s_3336,20
s_3337,7
s_3338,4
s_3339,4
s_334,3
s_3340,6
s_3341,21
s_3342,8
s_3343,4
s_3344,12
s_3345,5
s_3346,10
s_3347,9
s_3348,9
s_3349,5
s_335,4
s_3350,3
s_3351,20
s_3352,11
s_3353,9
s_3354,6
s_3355,3
s_3356,3
s_3357,5
s_3358,13
s_3359,7
s_336,3
s_3360,7
s_3361,9
s_3362,11
s_3363,12
s_3364,13
s_3365,9
s_3366,9
s_3367,4
s_3368,17
s_3369,7
s_337,3
s_3370,15
s_3371,7
s_3372,10
s_3373,10
s_3374,10
s_3375,15
s_3376,3
s_3377,5
s_3378,27
s_3379,12
s_338,10
s_3380,5
s_3381,13
s_3382,12
s_3383,11
s_3384,10
s_3385,13
s_3386,12
s_3387,3
s_3388,7
s_3389,3
s_339,18
s_3390,3
s_3391,9
s_3392,3
s_3393,3
s_3394,7
s_3395,6
s_3396,23
s_3397,20
s_3398,12
s_3399,5
s_34,3
s_340,8
s_3400,22
s_3401,9
s_3402,6
s_3403,7
s_3404,26
s_3405,9
s_3406,18
s_3407,6
s_3408,7
s_3409,19
s_341,17
s_3410,8
s_3411,9
s_3412,10
s_3413,12
s_3414,3
s_3415,5
s_3416,5
s_3417,7
s_3418,4
s_3419,6
s_342,8
s_3420,14
s_3421,7
s_3422,16
s_3423,23
s_3424,3
s_3425,7
s_3426,4
s_3427,8
s_3428,13
s_3429,3
s_343,14
s_3430,7
s_3431,12
s_3432,5
s_3433,6
s_3434,8
s_3435,9
s_3436,4
s_3437,15
s_3438,8
s_3439,6
s_344,10
s_3440,18
s_3441,5
s_3442,20
s_3443,12
s_3444,12
s_3445,13
s_3446,9
s_3447,18
s_3448,4
s_3449,9
s_345,10
s_3450,4
s_3451,4
s_3452,7
s_3453,4
s_3454,5
s_3455,42
s_3456,9
s_3457,29
s_3458,6
s_3459,16
s_346,6
s_3460,4
s_3461,12
s_3462,4
s_3463,4
s_3464,14
s_3465,3
s_3466,3
s_3467,13
s_3468,6
s_3469,5
s_347,7
s_3470,7
s_3471,9
s_3472,3
s_3473,5
s_3474,11
s_3475,4
s_3476,8
s_3477,4
s_3478,15
s_3479,5
s_348,4
s_3480,6
s_3481,30
s_3482,18
s_3483,10
s_3484,5
s_3485,6
s_3486,7
s_3487,3
s_3488,8
s_3489,22
s_349,7
s_3490,4
s_3491,9
s_3492,10
s_3493,4
s_3494,7
s_3495,6
s_3496,6
s_3497,3
s_3498,17
s_3499,18
s_35,10
s_350,3
s_3500,11
s_3501,10
s_3502,10
s_3503,5
s_3504,15
s_3505,3
s_3506,22
s_3507,7
s_3508,17
s_3509,6
s_351,9
s_3510,3
s_3511,5
s_3512,6
s_3513,17
s_3514,6
s_3515,7
s_3516,3
s_3517,7
s_3518,7
s_3519,5
s_352,6
s_3520,15
s_3521,7
s_3522,8
s_3523,11
s_3524,4
s_3525,4
s_3526,5
s_3527,16
s_3528,11
s_3529,6
s_353,3
s_3530,9
s_3531,5
s_3532,11
s_3533,10
s_3534,7
s_3535,13
s_3536,6
s_3537,3
s_3538,3
s_3539,6
s_354,3
s_3540,9
s_3541,7
s_3542,4
s_3543,10
s_3544,18
s_3545,3
s_3546,9
s_3547,4
s_3548,9
s_3549,3
s_355,3
s_3550,4
s_3551,15
s_3552,4
s_3553,4
s_3554,11
s_3555,11
s_3556,4
s_3557,15
s_3558,3
s_3559,3
s_356,10
s_3560,3
s_3561,11
s_3562,13
s_3563,5
s_3564,11
s_3565,10
s_3566,16
s_3567,9
s_3568,5
s_3569,7
s_357,7
s_3570,6
s_3571,6
s_3572,6
s_3573,8
s_3574,5
s_3575,3
s_3576,3
s_3577,9
s_3578,10
s_3579,7
s_358,7
s_3580,6
s_3581,8
s_3582,5
s_3583,3
s_3584,7
s_3585,6
s_3586,3
s_3587,3
s_3588,28
s_3589,5
s_359,3
s_3590,4
s_3591,3
s_3592,9
s_3593,5
s_3594,7
s_3595,16
s_3596,8
s_3597,7
s_3598,24
s_3599,7
s_36,8
s_360,7
s_3600,5
s_3601,9
s_3602,8
s_3603,37
s_3604,4
s_3605,3
s_3606,6
s_3607,5
s_3608,14
s_3609,10
s_361,3
s_3610,21
s_3611,14
s_3612,19
s_3613,7
s_3614,10
s_3615,14
s_3616,3
s_3617,7
s_3618,6
s_3619,3
s_362,3
s_3620,14
s_3621,4
s_3622,9
s_3623,14
s_3624,3
s_3625,16
s_3626,9
s_3627,3
s_3628,6
s_3629,11
s_363,14
s_3630,16
s_3631,11
s_3632,3
s_3633,7
s_3634,8
s_3635,17
s_3636,11
s_3637,11
s_3638,5
s_3639,13
s_364,7
s_3640,3
s_3641,6
s_3642,12
s_3643,8
s_3644,8
s_3645,9
s_3646,11
s_3647,3
s_3648,7
s_3649,7
s_365,8
s_3650,14
s_3651,5
s_3652,15
s_3653,6
s_3654,9
s_3655,6
s_3656,13
s_3657,14
s_3658,4
s_3659,4
s_366,9
s_3660,18
s_3661,7
s_3662,14
s_3663,12
s_3664,7
s_3665,25
s_3666,5
s_3667,11
s_3668,11
s_3669,12
s_367,21
s_3670,14
s_3671,3
s_3672,5
s_3673,7
s_3674,4
s_3675,10
s_3676,19
s_3677,7
s_3678,4
s_3679,27
s_368,3
s_3680,4
s_3681,7
s_3682,3
s_3683,7
s_3684,3
s_3685,23
s_3686,5
s_3687,7
s_3688,7
s_3689,3
s_369,6
s_3690,9
s_3691,8
s_3692,7
s_3693,49
s_3694,7
s_3695,25
s_3696,10
s_3697,7
s_3698,15
s_3699,5
s_37,13
s_370,11
s_3700,17
s_3701,17
s_3702,17
s_3703,5
s_3704,7
s_3705,9
s_3706,5
s_3707,16
s_3708,13
s_3709,4
s_371,9
s_3710,3
s_3711,12
s_3712,5
s_3713,15
s_3714,10
s_3715,3
s_3716,23
s_3717,7
s_3718,6
s_3719,21
s_372,18
s_3720,14
s_3721,4
s_3722,5
s_3723,9
s_3724,7
s_3725,7
s_3726,6
s_3727,6
s_3728,3
s_3729,4
s_373,6
s_3730,10
s_3731,3
s_3732,7
s_3733,8
s_3734,3
s_3735,9
s_3736,4
s_3737,14
s_3738,6
s_3739,8
s_374,9
s_3740,8
s_3741,4
s_3742,18
s_3743,3
s_3744,27
s_3745,7
s_3746,15
s_3747,3
s_3748,14
s_3749,4
s_375,12
s_3750,9
s_3751,5
s_3752,6
s_3753,13
s_3754,14
s_3755,9
s_3756,16
s_3757,4
s_3758,10
s_3759,13
s_376,9
s_3760,7
s_3761,5
s_3762,6
s_3763,8
s_3764,6
s_3765,11
s_3766,9
s_3767,13
s_3768,33
s_3769,15
s_377,5
s_3770,9
s_3771,4
s_3772,4
s_3773,14
s_3774,10
s_3775,42
s_3776,14
s_3777,4
s_3778,9
s_3779,13
s_378,5
s_3780,17
s_3781,14
s_3782,3
s_3783,4
s_3784,23
s_3785,7
s_3786,8
s_3787,13
s_3788,9
s_3789,18
s_379,9
s_3790,7
s_3791,7
s_3792,5
s_3793,3
s_3794,17
s_3795,15
s_3796,10
s_3797,8
s_3798,3
s_3799,6
s_38,7
s_380,9
s_3800,9
s_3801,14
s_3802,10
s_3803,3
s_3804,6
s_3805,3
s_3806,8
s_3807,3
s_3808,7
s_3809,8
s_381,7
s_3810,6
s_3811,3
s_3812,8
s_3813,4
s_3814,4
s_3815,6
s_3816,12
s_3817,10
s_3818,8
s_3819,10
s_382,14
s_3820,15
s_3821,18
s_3822,9
s_3823,5
s_3824,3
s_3825,4
s_3826,8
s_3827,6
s_3828,3
s_3829,6
s_383,7
s_3830,6
s_3831,4
s_3832,16
s_3833,6
s_3834,3
s_3835,6
s_3836,15
s_3837,7
s_3838,6
s_3839,13
s_384,13
s_3840,7
s_3841,7
s_3842,6
s_3843,10
s_3844,15
s_3845,8
s_3846,6
s_3847,11
s_3848,28
s_3849,5
s_385,10
s_3850,5
s_3851,6
s_3852,19
s_3853,7
s_3854,11
s_3855,6
s_3856,8
s_3857,16
s_3858,15
s_3859,4
s_386,5
s_3860,6
s_3861,13
s_3862,3
s_3863,4
s_3864,4
s_3865,12
s_3866,11
s_3867,8
s_3868,12
s_3869,5
s_387,7
s_3870,16
s_3871,3
s_3872,26
s_3873,6
s_3874,7
s_3875,12
s_3876,3
s_3877,15
s_3878,6
s_3879,4
s_388,9
s_3880,9
s_3881,12
s_3882,6
s_3883,17
s_3884,21
s_3885,18
s_3886,10
s_3887,5
s_3888,14
s_3889,21
s_389,4
s_3890,11
s_3891,3
s_3892,20
s_3893,7
s_3894,4
s_3895,10
s_3896,10
s_3897,8
s_3898,10
s_3899,30
s_39,13
s_390,10
s_3900,10
s_3901,12
s_3902,9
s_3903,6
s_3904,5
s_3905,4
s_3906,12
s_3907,5
s_3908,4
s_3909,7
s_391,9
s_3910,3
s_3911,3
s_3912,10
s_3913,14
s_3914,7
s_3915,5
s_3916,9
s_3917,4
s_3918,23
s_3919,3
s_392,15
s_3920,6
s_3921,6
s_3922,20
s_3923,8
s_3924,8
s_3925,18
s_3926,18
s_3927,6
s_3928,4
s_3929,3
s_393,6
s_3930,5
s_3931,3
s_3932,5
s_3933,5
s_3934,5
s_3935,10
s_3936,4
s_3937,24
s_3938,6
s_3939,11
s_394,16
s_3940,4
s_3941,5
s_3942,5
s_3943,7
s_3944,18
s_3945,5
s_3946,4
s_3947,5
s_3948,3
s_3949,3
s_395,4
s_3950,6
s_3951,5
s_3952,6
s_3953,14
s_3954,10
s_3955,8
s_3956,37
s_3957,6
s_3958,4
s_3959,3
s_396,11
s_3960,12
s_3961,9
s_3962,7
s_3963,9
s_3964,16
s_3965,4
s_3966,7
s_3967,18
s_3968,10
s_3969,5
s_397,42
s_3970,10
s_3971,8
s_3972,9
s_3973,9
s_3974,8
s_3975,3
s_3976,9
s_3977,7
s_3978,10
s_3979,10
s_398,3
s_3980,4
s_3981,24
s_3982,3
s_3983,4
s_3984,15
s_3985,12
s_3986,4
s_3987,12
s_3988,4
s_3989,5
s_399,7
s_3990,8
s_3991,7
s_3992,3
s_3993,3
s_3994,7
s_3995,22
s_3996,23
s_3997,7
s_3998,7
s_3999,8
s_4,11
s_40,15
s_400,16
s_4000,11
s_4001,5
s_4002,4
s_4003,5
s_4004,5
s_4005,4
s_4006,14
s_4007,3
s_4008,3
s_4009,13
s_401,4
s_4010,16
s_4011,3
s_4012,11
s_4013,11
s_4014,21
s_4015,5
s_4016,7
s_4017,12
s_4018,21
s_4019,8
s_402,12
s_4020,21
s_4021,16
s_4022,9
s_4023,4
s_4024,6
s_4025,8
s_4026,5
s_4027,7
s_4028,5
s_4029,4
s_403,5
s_4030,6
s_4031,7
s_4032,5
s_4033,4
s_4034,3
s_4035,7
s_4036,5
s_4037,6
s_4038,8
s_4039,9
s_404,5
s_4040,4
s_4041,10
s_4042,7
s_4043,6
s_4044,7
s_4045,3
s_4046,12
s_4047,7
s_4048,21
s_4049,3
s_405,6
s_4050,8
s_4051,18
s_4052,5
s_4053,6
s_4054,4
s_4055,5
s_4056,6
s_4057,6
s_4058,9
s_4059,3
s_406,10
s_4060,8
s_4061,3
s_4062,17
s_4063,9
s_4064,8
s_4065,8
s_4066,16
s_4067,12
s_4068,9
s_4069,3
s_407,17
s_4070,18
s_4071,8
s_4072,8
s_4073,3
s_4074,9
s_4075,11
s_4076,18
s_4077,12
s_4078,40
s_4079,7
s_408,8
s_4080,16
s_4081,5
s_4082,9
s_4083,11
s_4084,12
s_4085,15
s_4086,4
s_4087,16
s_4088,10
s_4089,5
s_409,6
s_4090,15
s_4091,6
s_4092,3
s_4093,4
s_4094,11
s_4095,8
s_4096,4
s_4097,5
s_4098,11
s_4099,5
s_41,8
s_410,8
s_4100,6
s_4101,13
s_4102,6
s_4103,5
s_4104,4
s_4105,6
s_4106,10
s_4107,11
s_4108,3
s_4109,4
s_411,6
s_4110,9
s_4111,17
s_4112,4
s_4113,26
s_4114,12
s_4115,8
s_4116,11
s_4117,3
s_4118,5
s_4119,4
s_412,19
s_4120,3
s_4121,14
s_4122,8
s_4123,32
s_4124,4
s_4125,3
s_4126,8
s_4127,8
s_4128,13
s_4129,8
s_413,8
s_4130,7
s_4131,13
s_4132,6
s_4133,3
s_4134,11
s_4135,3
s_4136,7
s_4137,4
s_4138,8
s_4139,7
s_414,7
s_4140,6
s_4141,23
s_4142,11
s_4143,3
s_4144,7
s_4145,6
s_4146,13
s_4147,9
s_4148,3
s_4149,4
s_415,10
s_4150,52
s_4151,8
s_4152,13
s_4153,8
s_4154,7
s_4155,23
s_4156,5
s_4157,4
s_4158,7
s_4159,9
s_416,8
s_4160,8
s_4161,9
s_4162,14
s_4163,7
s_4164,9
s_4165,3
s_4166,12
s_4167,5
s_4168,3
s_4169,17
s_417,4
s_4170,3
s_4171,3
s_4172,10
s_4173,14
s_4174,8
s_4175,11
s_4176,4
s_4177,5
s_4178,11
s_4179,23
s_418,13
s_4180,5
s_4181,10
s_4182,18
s_4183,12
s_4184,6
s_4185,8
s_4186,3
s_4187,11
s_4188,6
s_4189,5
s_419,3
s_4190,6
s_4191,5
s_4192,13
s_4193,6
s_4194,11
s_4195,5
s_4196,17
s_4197,5
s_4198,6
s_4199,6
s_42,13
s_420,6
s_4200,5
s_4201,7
s_4202,22
s_4203,12
s_4204,4
s_4205,16
s_4206,13
s_4207,9
s_4208,5
s_4209,7
s_421,4
s_4210,27
s_4211,11
s_4212,9
s_4213,3
s_4214,7
s_4215,5
s_4216,3
s_4217,34
s_4218,8
s_4219,3
s_422,16
s_4220,3
s_4221,17
s_4222,4
s_4223,8
s_4224,3
s_4225,12
s_4226,3
s_4227,5
s_4228,5
s_4229,7
s_423,3
s_4230,11
s_4231,6
s_4232,3
s_4233,5
s_4234,7
s_4235,3
s_4236,3
s_4237,4
s_4238,4
s_4239,4
s_424,5
s_4240,14
s_4241,11
s_4242,4
s_4243,3
s_4244,3
s_4245,3
s_4246,27
s_4247,4
s_4248,10
s_4249,24
s_425,42
s_4250,7
s_4251,14
s_4252,4
s_4253,9
s_4254,7
s_4255,5
s_4256,10
s_4257,3
s_4258,8
s_4259,11
s_426,5
s_4260,10
s_4261,17
s_4262,6
s_4263,32
s_4264,4
s_4265,5
s_4266,7
s_4267,18
s_4268,18
s_4269,5
s_427,7
s_4270,7
s_4271,7
s_4272,11
s_4273,3
s_4274,8
s_4275,6
s_4276,4
s_4277,7
s_4278,3
s_4279,8
s_428,14
s_4280,14
s_4281,12
s_4282,11
s_4283,5
s_4284,6
s_4285,11
s_4286,17
s_4287,6
s_4288,10
s_4289,10
s_429,6
s_4290,14
s_4291,7
s_4292,4
s_4293,8
s_4294,3
s_4295,8
s_4296,5
s_4297,7
s_4298,6
s_4299,8
s_43,8
s_430,3
s_4300,14
s_4301,12
s_4302,3
s_4303,9
s_4304,5
s_4305,3
s_4306,19
s_4307,12
s_4308,8
s_4309,3
s_431,5
s_4310,4
s_4311,4
s_4312,3
s_4313,7
s_4314,5
s_4315,4
s_4316,3
s_4317,17
s_4318,23
s_4319,27
s_432,13
s_4320,5
s_4321,5
s_4322,11
s_4323,7
s_4324,8
s_4325,15
s_4326,6
s_4327,13
s_4328,8
s_4329,15
s_433,4
s_4330,6
s_4331,9
s_4332,7
s_4333,11
s_4334,7
s_4335,20
s_4336,11
s_4337,9
s_4338,20
s_4339,7
s_434,9
s_4340,7
s_4341,7
s_4342,11
s_4343,11
s_4344,5
s_4345,4
s_4346,6
s_4347,4
s_4348,5
s_4349,5
s_435,22
s_4350,14
s_4351,10
s_4352,12
s_4353,3
s_4354,14
s_4355,5
s_4356,25
s_4357,11
s_4358,5
s_4359,32
s_436,8
s_4360,3
s_4361,5
s_4362,5
s_4363,12
s_4364,9
s_4365,33
s_4366,21
s_4367,7
s_4368,12
s_4369,12
s_437,6
s_4370,6
s_4371,6
s_4372,7
s_4373,15
s_4374,7
s_4375,13
s_4376,4
s_4377,4
s_4378,12
s_4379,17
s_438,7
s_4380,30
s_4381,4
s_4382,3
s_4383,8
s_4384,8
s_4385,17
s_4386,4
s_4387,4
s_4388,8
s_4389,10
s_439,13
s_4390,9
s_4391,6
s_4392,13
s_4393,14
s_4394,15
s_4395,4
s_4396,11
s_4397,6
s_4398,4
s_4399,5
s_44,8
s_440,5
s_4400,14
s_4401,4
s_4402,13
s_4403,6
s_4404,13
s_4405,9
s_4406,10
s_4407,10
s_4408,8
s_4409,5
s_441,16
s_4410,8
s_4411,14
s_4412,4
s_4413,6
s_4414,4
s_4415,5
s_4416,8
s_4417,3
s_4418,3
s_4419,11
s_442,12
s_4420,7
s_4421,11
s_4422,9
s_4423,3
s_4424,13
s_4425,15
s_4426,15
s_4427,5
s_4428,9
s_4429,10
s_443,8
s_4430,4
s_4431,5
s_4432,14
s_4433,14
s_4434,7
s_4435,8
s_4436,32
s_4437,12
s_4438,13
s_4439,3
s_444,4
s_4440,9
s_4441,6
s_4442,7
s_4443,3
s_4444,6
s_4445,4
s_4446,3
s_4447,8
s_4448,3
s_4449,9
s_445,7
s_4450,24
s_4451,4
s_4452,15
s_4453,14
s_4454,15
s_4455,12
s_4456,29
s_4457,6
s_4458,16
s_4459,5
s_446,5
s_4460,14
s_4461,25
s_4462,8
s_4463,12
s_4464,13
s_4465,8
s_4466,4
s_4467,9
s_4468,5
s_4469,3
s_447,13
s_4470,4
s_4471,6
s_4472,7
s_4473,7
s_4474,5
s_4475,17
s_4476,17
s_4477,13
s_4478,9
s_4479,16
s_448,26
s_4480,14
s_4481,3
s_4482,9
s_4483,15
s_4484,24
s_4485,23
s_4486,8
s_4487,5
s_4488,9
s_4489,12
s_449,6
s_4490,13
s_4491,4
s_4492,21
s_4493,4
s_4494,8
s_4495,5
s_4496,11
s_4497,5
s_4498,16
s_4499,3
s_45,7
s_450,10
s_4500,8
s_4501,10
s_4502,17
s_4503,5
s_4504,4
s_4505,22
s_4506,5
s_4507,7
s_4508,5
s_4509,15
s_451,19
s_4510,7
s_4511,9
s_4512,5
s_4513,3
s_4514,7
s_4515,23
s_4516,7
s_4517,10
s_4518,3
s_4519,6
s_452,4
s_4520,4
s_4521,7
s_4522,8
s_4523,19
s_4524,6
s_4525,8
s_4526,17
s_4527,18
s_4528,3
s_4529,6
s_453,10
s_4530,12
s_4531,9
s_4532,12
s_4533,10
s_4534,13
s_4535,11
s_4536,6
s_4537,3
s_4538,3
s_4539,11
s_454,16
s_4540,14
s_4541,15
s_4542,3
s_4543,6
s_4544,7
s_4545,10
s_4546,12
s_4547,13
s_4548,4
s_4549,10
s_455,10
s_4550,30
s_4551,28
s_4552,9
s_4553,9
s_4554,7
s_4555,4
s_4556,16
s_4557,5
s_4558,5
s_4559,6
s_456,4
s_4560,6
s_4561,5
s_4562,21
s_4563,14
s_4564,3
s_4565,11
s_4566,3
s_4567,5
s_4568,15
s_4569,12
s_457,7
s_4570,18
s_4571,12
s_4572,8
s_4573,8
s_4574,5
s_4575,4
s_4576,7
s_4577,11
s_4578,8
s_4579,9
s_458,10
s_4580,20
s_4581,3
s_4582,4
s_4583,6
s_4584,60
s_4585,16
s_4586,11
s_4587,5
s_4588,3
s_4589,4
s_459,5
s_4590,8
s_4591,14
s_4592,3
s_4593,8
s_4594,4
s_4595,3
s_4596,3
s_4597,6
s_4598,16
s_4599,4
s_46,7
s_460,16
s_4600,5
s_4601,15
s_4602,17
s_4603,6
s_4604,5
s_4605,3
s_4606,9
s_4607,5
s_4608,9
s_4609,5
s_461,24
s_4610,11
s_4611,3
s_4612,16
s_4613,4
s_4614,6
s_4615,15
s_4616,7
s_4617,3
s_4618,12
s_4619,41
s_462,6
s_4620,9
s_4621,15
s_4622,7
s_4623,5
s_4624,16
s_4625,9
s_4626,7
s_4627,6
s_4628,15
s_4629,4
s_463,3
s_4630,3
s_4631,9
s_4632,6
s_4633,18
s_4634,15
s_4635,9
s_4636,6
s_4637,3
s_4638,7
s_4639,3
s_464,4
s_4640,50
s_4641,3
s_4642,35
s_4643,3
s_4644,12
s_4645,7
s_4646,11
s_4647,3
s_4648,4
s_4649,6
s_465,10
s_4650,3
s_4651,11
s_4652,8
s_4653,3
s_4654,7
s_4655,7
s_4656,4
s_4657,9
s_4658,9
s_4659,9
s_466,9
s_4660,4
s_4661,5
s_4662,8
s_4663,4
s_4664,14
s_4665,5
s_4666,6
s_4667,4
s_4668,14
s_4669,3
s_467,4
s_4670,19
s_4671,7
s_4672,8
s_4673,15
s_4674,25
s_4675,28
s_4676,27
s_4677,9
s_4678,4
s_4679,15
s_468,7
s_4680,13
s_4681,9
s_4682,6
s_4683,5
s_4684,5
s_4685,3
s_4686,8
s_4687,38
s_4688,10
s_4689,12
s_469,5
s_4690,9
s_4691,6
s_4692,8
s_4693,11
s_4694,7
s_4695,9
s_4696,11
s_4697,4
s_4698,6
s_4699,7
s_47,6
s_470,4
s_4700,25
s_4701,7
s_4702,5
s_4703,4
s_4704,31
s_4705,12
s_4706,3
s_4707,10
s_4708,7
s_4709,6
s_471,3
s_4710,28
s_4711,6
s_4712,3
s_4713,8
s_4714,5
s_4715,12
s_4716,14
s_4717,5
s_4718,16
s_4719,3
s_472,4
s_4720,11
s_4721,3
s_4722,15
s_4723,5
s_4724,9
s_4725,12
s_4726,4
s_4727,8
s_4728,12
s_4729,6
s_473,10
s_4730,8
s_4731,20
s_4732,16
s_4733,3
s_4734,13
s_4735,8
s_4736,11
s_4737,17
s_4738,3
s_4739,8
s_474,6
s_4740,26
s_4741,53
s_4742,7
s_4743,10
s_4744,9
s_4745,9
s_4746,10
s_4747,13
s_4748,9
s_4749,4
s_475,5
s_4750,10
s_4751,4
s_4752,3
s_4753,11
s_4754,3
s_4755,20
s_4756,5
s_4757,4
s_4758,5
s_4759,18
s_476,7
s_4760,5
s_4761,7
s_4762,5
s_4763,3
s_4764,5
s_4765,7
s_4766,22
s_4767,14
s_4768,5
s_4769,8
s_477,14
s_4770,17
s_4771,10
s_4772,9
s_4773,7
s_4774,4
s_4775,11
s_4776,9
s_4777,5
s_4778,8
s_4779,14
s_478,21
s_4780,6
s_4781,3
s_4782,8
s_4783,21
s_4784,6
s_4785,3
s_4786,14
s_4787,15
s_4788,7
s_4789,9
s_479,10
s_4790,5
s_4791,13
s_4792,5
s_4793,4
s_4794,13
s_4795,10
s_4796,35
s_4797,4
s_4798,5
s_4799,12
s_48,9
s_480,17
s_4800,8
s_4801,16
s_4802,6
s_4803,8
s_4804,9
s_4805,3
s_4806,5
s_4807,6
s_4808,5
s_4809,16
s_481,3
s_4810,6
s_4811,4
s_4812,13
s_4813,5
s_4814,12
s_4815,6
s_4816,13
s_4817,3
s_4818,7
s_4819,27
s_482,15
s_4820,5
s_4821,8
s_4822,8
s_4823,19
s_4824,11
s_4825,14
s_4826,6
s_4827,10
s_4828,9
s_4829,37
s_483,8
s_4830,8
s_4831,4
s_4832,13
s_4833,13
s_4834,14
s_4835,10
s_4836,43
s_4837,17
s_4838,6
s_4839,5
s_484,4
s_4840,35
s_4841,18
s_4842,14
s_4843,9
s_4844,11
s_4845,10
s_4846,12
s_4847,8
s_4848,3
s_4849,8
s_485,14
s_4850,9
s_4851,9
s_4852,17
s_4853,7
s_4854,5
s_4855,6
s_4856,16
s_4857,7
s_4858,3
s_4859,7
s_486,9
s_4860,3
s_4861,13
s_4862,22
s_4863,6
s_4864,5
s_4865,10
s_4866,3
s_4867,19
s_4868,14
s_4869,5
s_487,8
s_4870,16
s_4871,17
s_4872,7
s_4873,6
s_4874,5
s_4875,12
s_4876,15
s_4877,8
s_4878,9
s_4879,6
s_488,5
s_4880,15
s_4881,12
s_4882,8
s_4883,8
s_4884,5
s_4885,9
s_4886,17
s_4887,7
s_4888,11
s_4889,11
s_489,7
s_4890,7
s_4891,13
s_4892,9
s_4893,12
s_4894,10
s_4895,12
s_4896,4
s_4897,6
s_4898,11
s_4899,7
s_49,5
s_490,4
s_4900,11
s_4901,11
s_4902,5
s_4903,15
s_4904,8
s_4905,8
s_4906,12
s_4907,4
s_4908,5
s_4909,8
s_491,3
s_4910,6
s_4911,12
s_4912,5
s_4913,8
s_4914,5
s_4915,4
s_4916,15
s_4917,4
s_4918,3
s_4919,5
s_492,8
s_4920,6
s_4921,5
s_4922,12
s_4923,17
s_4924,6
s_4925,4
s_4926,20
s_4927,19
s_4928,10
s_4929,5
s_493,3
s_4930,4
s_4931,8
s_4932,7
s_4933,5
s_4934,5
s_4935,13
s_4936,11
s_4937,13
s_4938,6
s_4939,15
s_494,5
s_4940,13
s_4941,11
s_4942,4
s_4943,4
s_4944,15
s_4945,3
s_4946,17
s_4947,20
s_4948,4
s_4949,3
s_495,5
s_4950,7
s_4951,12
s_4952,12
s_4953,6
s_4954,6
s_4955,6
s_4956,11
s_4957,3
s_4958,9
s_4959,10
s_496,15
s_4960,5
s_4961,5
s_4962,12
s_4963,12
s_4964,7
s_4965,10
s_4966,5
s_4967,3
s_4968,10
s_4969,18
s_497,19
s_4970,4
s_4971,3
s_4972,5
s_4973,9
s_4974,6
s_4975,10
s_4976,9
s_4977,11
s_4978,26
s_4979,5
s_498,5
s_4980,9
s_4981,14
s_4982,9
s_4983,17
s_4984,5
s_4985,18
s_4986,3
s_4987,29
s_4988,7
s_4989,20
s_499,8
s_4990,3
s_4991,4
s_4992,8
s_4993,3
s_4994,3
s_4995,7
s_4996,14
s_4997,9
s_4998,4
s_4999,14
s_5,4
s_50,3
s_500,10
s_5000,7
s_5001,5
s_5002,12
s_5003,4
s_5004,4
s_5005,8
s_5006,4
s_5007,10
s_5008,4
s_5009,9
s_501,9
s_5010,4
s_5011,3
s_5012,8
s_5013,7
s_5014,4
s_5015,6
s_5016,7
s_5017,5
s_5018,12
s_5019,9
s_502,5
s_5020,10
s_5021,7
s_5022,20
s_5023,7
s_5024,6
s_5025,10
s_5026,27
s_5027,4
s_5028,13
s_5029,8
s_503,9
s_5030,7
s_5031,4
s_5032,22
s_5033,4
s_5034,4
s_5035,6
s_5036,11
s_5037,4
s_5038,36
s_5039,8
s_504,3
s_5040,5
s_5041,17
s_5042,13
s_5043,25
s_5044,8
s_5045,3
s_5046,14
s_5047,15
s_5048,16
s_5049,5
s_505,14
s_5050,4
s_5051,3
s_5052,5
s_5053,6
s_5054,7
s_5055,15
s_5056,7
s_5057,4
s_5058,11
s_5059,26
s_506,5
s_5060,14
s_5061,19
s_5062,10
s_5063,3
s_5064,20
s_5065,13
s_5066,5
s_5067,16
s_5068,12
s_5069,13
s_507,4
s_5070,4
s_5071,10
s_5072,16
s_5073,7
s_5074,12
s_5075,10
s_5076,11
s_5077,3
s_5078,14
s_5079,5
s_508,17
s_5080,4
s_5081,7
s_5082,4
s_5083,7
s_5084,18
s_5085,10
s_5086,9
s_5087,9
s_5088,5
s_5089,17
s_509,9
s_5090,4
s_5091,6
s_5092,8
s_5093,9
s_5094,5
s_5095,21
s_5096,7
s_5097,7
s_5098,8
s_5099,3
s_51,6
s_510,3
s_5100,4
s_5101,9
s_5102,9
s_5103,7
s_5104,7
s_5105,10
s_5106,6
s_5107,6
s_5108,10
s_5109,5
s_511,7
s_5110,5
s_5111,6
s_5112,4
s_5113,7
s_5114,8
s_5115,5
s_5116,12
s_5117,3
s_5118,17
s_5119,5
s_512,28
s_5120,5
s_5121,13
s_5122,9
s_5123,6
s_5124,4
s_5125,4
s_5126,8
s_5127,6
s_5128,3
s_5129,4
s_513,3
s_5130,4
s_5131,9
s_5132,5
s_5133,5
s_5134,15
s_5135,4
s_5136,6
s_5137,14
s_5138,8
s_5139,14
s_514,4
s_5140,8
s_5141,20
s_5142,22
s_5143,5
s_5144,3
s_5145,3
s_5146,9
s_5147,3
s_5148,5
s_5149,3
s_515,4
s_5150,3
s_5151,5
s_5152,8
s_5153,4
s_5154,4
s_5155,10
s_5156,11
s_5157,5
s_5158,9
s_5159,8
s_516,8
s_5160,7
s_5161,9
s_5162,3
s_5163,21
s_5164,9
s_5165,5
s_5166,14
s_5167,16
s_5168,14
s_5169,7
s_517,7
s_5170,16
s_5171,12
s_5172,12
s_5173,6
s_5174,8
s_5175,5
s_5176,7
s_5177,5
s_5178,7
s_5179,7
s_518,4
s_5180,8
s_5181,3
s_5182,6
s_5183,11
s_5184,11
s_5185,5
s_5186,32
s_5187,3
s_5188,12
s_5189,9
s_519,8
s_5190,7
s_5191,9
s_5192,6
s_5193,5
s_5194,3
s_5195,3
s_5196,5
s_5197,14
s_5198,8
s_5199,31
s_52,5
s_520,9
s_5200,7
s_5201,18
s_5202,15
s_5203,3
s_5204,9
s_5205,16
s_5206,4
s_5207,6
s_5208,6
s_5209,5
s_521,3
s_5210,8
s_5211,7
s_5212,11
s_5213,15
s_5214,13
s_5215,6
s_5216,13
s_5217,7
s_5218,32
s_5219,30
s_522,13
s_5220,20
s_5221,7
s_5222,3
s_5223,9
s_5224,13
s_5225,11
s_5226,6
s_5227,5
s_5228,12
s_5229,4
s_523,12
s_5230,16
s_5231,5
s_5232,28
s_5233,4
s_5234,5
s_5235,8
s_5236,7
s_5237,6
s_5238,5
s_5239,6
s_524,5
s_5240,4
s_5241,13
s_5242,4
s_5243,4
s_5244,10
s_5245,11
s_5246,10
s_5247,4
s_5248,8
s_5249,6
s_525,8
s_5250,11
s_5251,22
s_5252,4
s_5253,6
s_5254,5
s_5255,11
s_5256,3
s_5257,3
s_5258,13
s_5259,3
s_526,9
s_5260,5
s_5261,3
s_5262,8
s_5263,21
s_5264,3
s_5265,9
s_5266,11
s_5267,7
s_5268,6
s_5269,16
s_527,6
s_5270,8
s_5271,3
s_5272,4
s_5273,18
s_5274,4
s_5275,15
s_5276,3
s_5277,5
s_5278,7
s_5279,4
s_528,4
s_5280,7
s_5281,5
s_5282,4
s_5283,4
s_5284,7
s_5285,7
s_5286,4
s_5287,8
s_5288,9
s_5289,10
s_529,6
s_5290,4
s_5291,7
s_5292,8
s_5293,4
s_5294,5
s_5295,6
s_5296,3
s_5297,9
s_5298,34
s_5299,10
s_53,9
s_530,10
s_5300,6
s_5301,5
s_5302,17
s_5303,29
s_5304,28
s_5305,6
s_5306,19
s_5307,6
s_5308,3
s_5309,4
s_531,9
s_5310,4
s_5311,16
s_5312,4
s_5313,8
s_5314,11
s_5315,17
s_5316,14
s_5317,11
s_5318,11
s_5319,10
s_532,9
s_5320,10
s_5321,9
s_5322,3
s_5323,6
s_5324,8
s_5325,5
s_5326,31
s_5327,4
s_5328,7
s_5329,15
s_533,7
s_5330,5
s_5331,8
s_5332,5
s_5333,3
s_5334,19
s_5335,10
s_5336,8
s_5337,8
s_5338,20
s_5339,8
s_534,8
s_5340,3
s_5341,41
s_5342,6
s_5343,3
s_5344,8
s_5345,4
s_5346,10
s_5347,11
s_5348,3
s_5349,24
s_535,7
s_5350,10
s_5351,11
s_5352,5
s_5353,10
s_5354,4
s_5355,7
s_5356,7
s_5357,7
s_5358,15
s_5359,7
s_536,9
s_5360,5
s_5361,11
s_5362,31
s_5363,11
s_5364,5
s_5365,5
s_5366,8
s_5367,11
s_5368,5
s_5369,21
s_537,3
s_5370,5
s_5371,19
s_5372,5
s_5373,8
s_5374,8
s_5375,3
s_5376,19
s_5377,16
s_5378,7
s_5379,8
s_538,5
s_5380,9
s_5381,3
s_5382,15
s_5383,6
s_5384,10
s_5385,17
s_5386,9
s_5387,8
s_5388,3
s_5389,9
s_539,4
s_5390,15
s_5391,10
s_5392,8
s_5393,12
s_5394,16
s_5395,12
s_5396,3
s_5397,9
s_5398,20
s_5399,11
s_54,5
s_540,15
s_5400,9
s_5401,14
s_5402,17
s_5403,9
s_5404,9
s_5405,3
s_5406,3
s_5407,3
s_5408,13
s_5409,13
s_541,8
s_5410,4
s_5411,7
s_5412,9
s_5413,9
s_5414,8
s_5415,4
s_5416,6
s_5417,5
s_5418,12
s_5419,5
s_542,9
s_5420,11
s_5421,7
s_5422,11
s_5423,10
s_5424,20
s_5425,6
s_5426,16
s_5427,11
s_5428,11
s_5429,8
s_543,4
s_5430,4
s_5431,20
s_5432,5
s_5433,11
s_5434,5
s_5435,9
s_5436,42
s_5437,11
s_5438,3
s_5439,12
s_544,5
s_5440,7
s_5441,6
s_5442,5
s_5443,13
s_5444,15
s_5445,9
s_5446,4
s_5447,5
s_5448,4
s_5449,8
s_545,5
s_5450,12
s_5451,5
s_5452,19
s_5453,6
s_5454,5
s_5455,7
s_5456,24
s_5457,20
s_5458,20
s_5459,8
s_546,3
s_5460,8
s_5461,60
s_5462,9
s_5463,4
s_5464,18
s_5465,10
s_5466,7
s_5467,11
s_5468,5
s_5469,21
s_547,9
s_5470,3
s_5471,3
s_5472,8
s_5473,11
s_5474,9
s_5475,3
s_5476,4
s_5477,5
s_5478,6
s_5479,5
s_548,15
s_5480,4
s_5481,7
s_5482,3
s_5483,4
s_5484,9
s_5485,7
s_5486,19
s_5487,8
s_5488,3
s_5489,7
s_549,3
s_5490,6
s_5491,3
s_5492,13
s_5493,3
s_5494,5
s_5495,9
s_5496,4
s_5497,11
s_5498,16
s_5499,26
s_55,12
s_550,12
s_5500,17
s_5501,10
s_5502,21
s_5503,7
s_5504,21
s_5505,14
s_5506,3
s_5507,6
s_5508,11
s_5509,14
s_551,6
s_5510,5
s_5511,5
s_5512,10
s_5513,4
s_5514,18
s_5515,35
s_5516,9
s_5517,3
s_5518,6
s_5519,8
s_552,7
s_5520,3
s_5521,10
s_5522,10
s_5523,13
s_5524,7
s_5525,14
s_5526,7
s_5527,8
s_5528,12
s_5529,15
s_553,7
s_5530,6
s_5531,4
s_5532,5
s_5533,4
s_5534,11
s_5535,22
s_5536,8
s_5537,4
s_5538,19
s_5539,15
s_554,3
s_5540,4
s_5541,14
s_5542,9
s_5543,4
s_5544,18
s_5545,4
s_5546,8
s_5547,6
s_5548,3
s_5549,12
s_555,12
s_5550,6
s_5551,8
s_5552,9
s_5553,11
s_5554,4
s_5555,14
s_5556,9
s_5557,17
s_5558,4
s_5559,10
s_556,11
s_5560,4
s_5561,19
s_5562,11
s_5563,9
s_5564,10
s_5565,9
s_5566,15
s_5567,6
s_5568,13
s_5569,5
s_557,5
s_5570,10
s_5571,5
s_5572,4
s_5573,6
s_5574,4
s_5575,5
s_5576,22
s_5577,4
s_5578,14
s_5579,14
s_558,4
s_5580,5
s_5581,7
s_5582,8
s_5583,8
s_5584,10
s_5585,5
s_5586,6
s_5587,7
s_5588,5
s_5589,6
s_559,25
s_5590,4
s_5591,3
s_5592,5
s_5593,3
s_5594,6
s_5595,4
s_5596,7
s_5597,5
s_5598,6
s_5599,8
s_56,11
s_560,6
s_5600,27
s_5601,5
s_5602,5
s_5603,13
s_5604,3
s_5605,4
s_5606,9
s_5607,15
s_5608,6
s_5609,5
s_561,13
s_5610,4
s_5611,5
s_5612,5
s_5613,9
s_5614,6
s_5615,15
s_5616,4
s_5617,5
s_5618,6
s_5619,20
s_562,6
s_5620,17
s_5621,15
s_5622,4
s_5623,3
s_5624,8
s_5625,8
s_5626,6
s_5627,7
s_5628,5
s_5629,4
s_563,5
s_5630,6
s_5631,7
s_5632,10
s_5633,3
s_5634,6
s_5635,10
s_5636,6
s_5637,5
s_5638,3
s_5639,7
s_564,4
s_5640,5
s_5641,3
s_5642,7
s_5643,15
s_5644,12
s_5645,9
s_5646,10
s_5647,9
s_5648,6
s_5649,23
s_565,25
s_5650,5
s_5651,11
s_5652,4
s_5653,5
s_5654,5
s_5655,4
s_5656,5
s_5657,3
s_5658,7
s_5659,5
s_566,11
s_5660,6
s_5661,6
s_5662,13
s_5663,4
s_5664,3
s_5665,5
s_5666,4
s_5667,11
s_5668,24
s_5669,7
s_567,3
s_5670,3
s_5671,8
s_5672,8
s_5673,6
s_5674,5
s_5675,11
s_5676,11
s_5677,9
s_5678,3
s_5679,9
s_568,8
s_5680,5
s_5681,7
s_5682,12
s_5683,3
s_5684,9
s_5685,17
s_5686,7
s_5687,7
s_5688,26
s_5689,8
s_569,19
s_5690,4
s_5691,17
s_5692,4
s_5693,22
s_5694,8
s_5695,10
s_5696,26
s_5697,7
s_5698,17
s_5699,6
s_57,5
s_570,6
s_5700,3
s_5701,20
s_5702,4
s_5703,9
s_5704,17
s_5705,4
s_5706,6
s_5707,7
s_5708,7
s_5709,3
s_571,11
s_5710,12
s_5711,13
s_5712,5
s_5713,9
s_5714,5
s_5715,5
s_5716,17
s_5717,13
s_5718,9
s_5719,4
s_572,3
s_5720,20
s_5721,11
s_5722,4
s_5723,3
s_5724,3
s_5725,4
s_5726,5
s_5727,7
s_5728,10
s_5729,5
s_573,6
s_5730,11
s_5731,8
s_5732,19
s_5733,6
s_5734,8
s_5735,16
s_5736,10
s_5737,5
s_5738,7
s_5739,4
s_574,25
s_5740,9
s_5741,7
s_5742,3
s_5743,8
s_5744,8
s_5745,12
s_5746,11
s_5747,4
s_5748,3
s_5749,18
s_575,5
s_5750,11
s_5751,8
s_5752,11
s_5753,7
s_5754,5
s_5755,12
s_5756,7
s_5757,5
s_5758,9
s_5759,6
s_576,4
s_5760,16
s_5761,10
s_5762,15
s_5763,3
s_5764,8
s_5765,23
s_5766,4
s_5767,5
s_5768,12
s_5769,9
s_577,6
s_5770,4
s_5771,12
s_5772,13
s_5773,11
s_5774,21
s_5775,5
s_5776,8
s_5777,18
s_5778,9
s_5779,3
s_578,8
s_5780,35
s_5781,9
s_5782,9
s_5783,3
s_5784,13
s_5785,8
s_5786,14
s_5787,12
s_5788,5
s_5789,5
s_579,10
s_5790,5
s_5791,6
s_5792,21
s_5793,3
s_5794,5
s_5795,9
s_5796,16
s_5797,5
s_5798,27
s_5799,21
s_58,6
s_580,3
s_5800,6
s_5801,4
s_5802,7
s_5803,4
s_5804,4
s_5805,12
s_5806,17
s_5807,9
s_5808,25
s_5809,4
s_581,25
s_5810,7
s_5811,5
s_5812,3
s_5813,9
s_5814,7
s_5815,6
s_5816,11
s_5817,23
s_5818,16
s_5819,12
s_582,10
s_5820,13
s_5821,10
s_5822,23
s_5823,23
s_5824,9
s_5825,3
s_5826,12
s_5827,9
s_5828,6
s_5829,3
s_583,7
s_5830,7
s_5831,5
s_5832,10
s_5833,3
s_5834,6
s_5835,12
s_5836,11
s_5837,4
s_5838,23
s_5839,10
s_584,11
s_5840,13
s_5841,4
s_5842,5
s_5843,8
s_5844,9
s_5845,15
s_5846,12
s_5847,7
s_5848,14
s_5849,4
s_585,5
s_5850,27
s_5851,3
s_5852,5
s_5853,14
s_5854,5
s_5855,13
s_5856,3
s_5857,26
s_5858,5
s_5859,7
s_586,6
s_5860,3
s_5861,12
s_5862,9
s_5863,7
s_5864,6
s_5865,5
s_5866,6
s_5867,4
s_5868,3
s_5869,3
s_587,12
s_5870,38
s_5871,3
s_5872,7
s_5873,12
s_5874,4
s_5875,5
s_5876,3
s_5877,8
s_5878,30
s_5879,4
s_588,5
s_5880,11
s_5881,3
s_5882,8
s_5883,13
s_5884,4
s_5885,3
s_5886,8
s_5887,7
s_5888,7
s_5889,6
s_589,10
s_5890,8
s_5891,14
s_5892,13
s_5893,15
s_5894,3
s_5895,7
s_5896,6
s_5897,13
s_5898,5
s_5899,9
s_59,6
s_590,7
s_5900,4
s_5901,4
s_5902,6
s_5903,3
s_5904,8
s_5905,4
s_5906,23
s_5907,3
s_5908,7
s_5909,3
s_591,7
s_5910,4
s_5911,14
s_5912,21
s_5913,14
s_5914,15
s_5915,26
s_5916,11
s_5917,11
s_5918,8
s_5919,8
s_592,17
s_5920,13
s_5921,8
s_5922,3
s_5923,9
s_5924,13
s_5925,3
s_5926,10
s_5927,3
s_5928,6
s_5929,9
s_593,11
s_5930,8
s_5931,12
s_5932,32
s_5933,16
s_5934,9
s_5935,12
s_5936,10
s_5937,17
s_5938,19
s_5939,3
s_594,26
s_5940,12
s_5941,4
s_5942,3
s_5943,8
s_5944,3
s_5945,29
s_5946,5
s_5947,4
s_5948,9
s_5949,3
s_595,3
s_5950,5
s_5951,3
s_5952,9
s_5953,11
s_5954,10
s_5955,4
s_5956,9
s_5957,12
s_5958,3
s_5959,11
s_596,11
s_5960,5
s_5961,22
s_5962,11
s_5963,3
s_5964,11
s_5965,4
s_5966,10
s_5967,4
s_5968,3
s_5969,3
s_597,5
s_5970,29
s_5971,39
s_5972,6
s_5973,5
s_5974,5
s_5975,4
s_5976,5
s_5977,7
s_5978,9
s_5979,12
s_598,10
s_5980,21
s_5981,7
s_5982,4
s_5983,5
s_5984,20
s_5985,14
s_5986,7
s_5987,10
s_5988,7
s_5989,5
s_599,6
s_5990,3
s_5991,4
s_5992,5
s_5993,5
s_5994,18
s_5995,6
s_5996,3
s_5997,3
s_5998,4
s_5999,15
s_6,15
s_60,10
s_600,5
s_6000,8
s_6001,3
s_6002,12
s_6003,18
s_6004,3
s_6005,6
s_6006,6
s_6007,23
s_6008,6
s_6009,3
s_601,11
s_6010,9
s_6011,5
s_6012,7
s_6013,18
s_6014,5
s_6015,28
s_6016,3
s_6017,5
s_6018,8
s_6019,22
s_602,6
s_6020,31
s_6021,14
s_6022,9
s_6023,7
s_6024,13
s_6025,3
s_6026,4
s_6027,13
s_6028,8
s_6029,6
s_603,4
s_6030,4
s_6031,9
s_6032,12
s_6033,17
s_6034,22
s_6035,10
s_6036,14
s_6037,14
s_6038,7
s_6039,4
s_604,21
s_6040,10
s_6041,7
s_6042,8
s_6043,6
s_6044,12
s_6045,3
s_6046,9
s_6047,4
s_6048,17
s_6049,11
s_605,3
s_6050,6
s_6051,3
s_6052,3
s_6053,10
s_6054,8
s_6055,3
s_6056,24
s_6057,12
s_6058,9
s_6059,6
s_606,5
s_6060,10
s_6061,7
s_6062,5
s_6063,3
s_6064,11
s_6065,7
s_6066,13
s_6067,5
s_6068,12
s_6069,5
s_607,5
s_6070,5
s_6071,5
s_6072,6
s_6073,5
s_6074,8
s_6075,6
s_6076,3
s_6077,19
s_6078,10
s_6079,5
s_608,3
s_6080,10
s_6081,10
s_6082,8
s_6083,4
s_6084,3
s_6085,23
s_6086,6
s_6087,8
s_6088,4
s_6089,6
s_609,5
s_6090,15
s_6091,8
s_6092,8
s_6093,13
s_6094,3
s_6095,8
s_6096,13
s_6097,6
s_6098,4
s_6099,7
s_61,4
s_610,5
s_6100,5
s_6101,4
s_6102,4
s_6103,19
s_6104,15
s_6105,35
s_6106,5
s_6107,3
s_6108,3
s_6109,9
s_611,11
s_6110,4
s_6111,3
s_6112,17
s_6113,20
s_6114,5
s_6115,3
s_6116,6
s_6117,5
s_6118,16
s_6119,10
s_612,9
s_6120,7
s_6121,6
s_6122,7
s_6123,24
s_6124,11
s_6125,5
s_6126,3
s_6127,11
s_6128,8
s_6129,9
s_613,4
s_6130,4
s_6131,7
s_6132,10
s_6133,4
s_6134,21
s_6135,8
s_6136,10
s_6137,6
s_6138,3
s_6139,21
s_614,14
s_6140,4
s_6141,8
s_6142,4
s_6143,6
s_6144,10
s_6145,6
s_6146,6
s_6147,12
s_6148,6
s_6149,4
s_615,8
s_6150,16
s_6151,3
s_6152,11
s_6153,4
s_6154,3
s_6155,6
s_6156,15
s_6157,7
s_6158,6
s_6159,3
s_616,9
s_6160,4
s_6161,11
s_6162,7
s_6163,4
s_6164,5
s_6165,12
s_6166,3
s_6167,6
s_6168,4
s_6169,11
s_617,7
s_6170,7
s_6171,5
s_6172,9
s_6173,9
s_6174,5
s_6175,5
s_6176,12
s_6177,3
s_6178,16
s_6179,7
s_618,7
s_6180,8
s_6181,8
s_6182,8
s_6183,3
s_6184,7
s_6185,3
s_6186,8
s_6187,3
s_6188,8
s_6189,8
s_619,7
s_6190,23
s_6191,5
s_6192,3
s_6193,3
s_6194,12
s_6195,14
s_6196,8
s_6197,13
s_6198,6
s_6199,8
s_62,3
s_620,4
s_6200,8
s_6201,9
s_6202,6
s_6203,4
s_6204,24
s_6205,8
s_6206,12
s_6207,7
s_6208,4
s_6209,3
s_621,6
s_6210,7
s_6211,6
s_6212,9
s_6213,12
s_6214,5
s_6215,5
s_6216,3
s_6217,11
s_6218,13
s_6219,21
s_622,8
s_6220,3
s_6221,12
s_6222,8
s_6223,5
s_6224,3
s_6225,4
s_6226,5
s_6227,4
s_6228,7
s_6229,4
s_623,6
s_6230,8
s_6231,10
s_6232,9
s_6233,4
s_6234,7
s_6235,18
s_6236,3
s_6237,11
s_6238,4
s_6239,4
s_624,15
s_6240,34
s_6241,5
s_6242,5
s_6243,5
s_6244,23
s_6245,5
s_6246,3
s_6247,3
s_6248,3
s_6249,23
s_625,5
s_6250,10
s_6251,13
s_6252,5
s_6253,3
s_6254,6
s_6255,10
s_6256,3
s_6257,15
s_6258,11
s_6259,23
s_626,3
s_6260,15
s_6261,3
s_6262,6
s_6263,7
s_6264,7
s_6265,6
s_6266,6
s_6267,5
s_6268,10
s_6269,19
s_627,27
s_6270,22
s_6271,10
s_6272,3
s_6273,12
s_6274,3
s_6275,15
s_6276,8
s_6277,3
s_6278,5
s_6279,15
s_628,12
s_6280,6
s_6281,3
s_6282,9
s_6283,9
s_6284,6
s_6285,9
s_6286,8
s_6287,11
s_6288,12
s_6289,3
s_629,7
s_6290,18
s_6291,4
s_6292,14
s_6293,5
s_6294,3
s_6295,13
s_6296,3
s_6297,9
s_6298,8
s_6299,4
s_63,10
s_630,6
s_6300,7
s_6301,31
s_6302,23
s_6303,4
s_6304,5
s_6305,43
s_6306,7
s_6307,3
s_6308,14
s_6309,7
s_631,5
s_6310,5
s_6311,6
s_6312,11
s_6313,5
s_6314,4
s_6315,16
s_6316,8
s_6317,6
s_6318,13
s_6319,6
s_632,24
s_6320,5
s_6321,14
s_6322,8
s_6323,3
s_6324,5
s_6325,14
s_6326,8
s_6327,16
s_6328,4
s_6329,6
s_633,7
s_6330,9
s_6331,11
s_6332,4
s_6333,11
s_6334,7
s_6335,5
s_6336,5
s_6337,6
s_6338,12
s_6339,5
s_634,10
s_6340,12
s_6341,3
s_6342,8
s_6343,15
s_6344,16
s_6345,10
s_6346,13
s_6347,3
s_6348,5
s_6349,8
s_635,11
s_6350,8
s_6351,4
s_6352,6
s_6353,4
s_6354,9
s_6355,4
s_6356,4
s_6357,36
s_6358,4
s_6359,9
s_636,5
s_6360,4
s_6361,16
s_6362,12
s_6363,7
s_6364,18
s_6365,5
s_6366,35
s_6367,13
s_6368,5
s_6369,5
s_637,10
s_6370,4
s_6371,12
s_6372,32
s_6373,3
s_6374,17
s_6375,8
s_6376,13
s_6377,11
s_6378,19
s_6379,4
s_638,5
s_6380,12
s_6381,3
s_6382,4
s_6383,7
s_6384,14
s_6385,3
s_6386,5
s_6387,32
s_6388,11
s_6389,10
s_639,9
s_6390,9
s_6391,17
s_6392,15
s_6393,20
s_6394,5
s_6395,18
s_6396,10
s_6397,6
s_6398,10
s_6399,19
s_64,5
s_640,3
s_6400,20
s_6401,5
s_6402,10
s_6403,6
s_6404,7
s_6405,4
s_6406,15
s_6407,35
s_6408,7
s_6409,5
s_641,4
s_6410,9
s_6411,5
s_6412,21
s_6413,3
s_6414,11
s_6415,8
s_6416,22
s_6417,18
s_6418,7
s_6419,3
s_642,4
s_6420,20
s_6421,12
s_6422,9
s_6423,17
s_6424,4
s_6425,13
s_6426,9
s_6427,6
s_6428,13
s_6429,3
s_643,12
s_6430,6
s_6431,4
s_6432,6
s_6433,6
s_6434,9
s_6435,11
s_6436,5
s_6437,14
s_6438,7
s_6439,15
s_644,12
s_6440,10
s_6441,6
s_6442,5
s_6443,10
s_6444,6
s_6445,6
s_6446,14
s_6447,18
s_6448,9
s_6449,7
s_645,10
s_6450,7
s_6451,4
s_6452,20
s_6453,6
s_6454,5
s_6455,20
s_6456,3
s_6457,8
s_6458,4
s_6459,7
s_646,3
s_6460,3
s_6461,7
s_6462,17
s_6463,26
s_6464,3
s_6465,11
s_6466,14
s_6467,3
s_6468,5
s_6469,5
s_647,14
s_6470,7
s_6471,5
s_6472,7
s_6473,4
s_6474,9
s_6475,22
s_6476,3
s_6477,4
s_6478,12
s_6479,19
s_648,13
s_6480,11
s_6481,16
s_6482,6
s_6483,12
s_6484,12
s_6485,4
s_6486,3
s_6487,8
s_6488,10
s_6489,13
s_649,15
s_6490,5
s_6491,60
s_6492,26
s_6493,10
s_6494,14
s_6495,7
s_6496,10
s_6497,7
s_6498,7
s_6499,5
s_65,13
s_650,4
s_6500,6
s_6501,6
s_6502,6
s_6503,10
s_6504,8
s_6505,4
s_6506,8
s_6507,10
s_6508,7
s_6509,11
s_651,15
s_6510,5
s_6511,7
s_6512,5
s_6513,11
s_6514,6
s_6515,21
s_6516,12
s_6517,5
s_6518,11
s_6519,4
s_652,15
s_6520,3
s_6521,10
s_6522,13
s_6523,9
s_6524,9
s_6525,3
s_6526,3
s_6527,6
s_6528,3
s_6529,5
s_653,10
s_6530,8
s_6531,3
s_6532,14
s_6533,8
s_6534,3
s_6535,8
s_6536,3
s_6537,3
s_6538,5
s_6539,16
s_654,12
s_6540,5
s_6541,22
s_6542,3
s_6543,3
s_6544,13
s_6545,10
s_6546,13
s_6547,10
s_6548,5
s_6549,27
s_655,9
s_6550,13
s_6551,9
s_6552,3
s_6553,8
s_6554,3
s_6555,23
s_6556,14
s_6557,17
s_6558,19
s_6559,3
s_656,10
s_6560,8
s_6561,13
s_6562,20
s_6563,8
s_6564,3
s_6565,9
s_6566,20
s_6567,10
s_6568,23
s_6569,3
s_657,8
s_6570,13
s_6571,13
s_6572,4
s_6573,9
s_6574,15
s_6575,11
s_6576,10
s_6577,11
s_6578,11
s_6579,5
s_658,4
s_6580,10
s_6581,8
s_6582,21
s_6583,3
s_6584,4
s_6585,7
s_6586,3
s_6587,12
s_6588,7
s_6589,7
s_659,4
s_6590,8
s_6591,7
s_6592,3
s_6593,3
s_6594,3
s_6595,9
s_6596,9
s_6597,5
s_6598,4
s_6599,3
s_66,5
s_660,18
s_6600,11
s_6601,13
s_6602,3
s_6603,5
s_6604,9
s_6605,4
s_6606,8
s_6607,7
s_6608,3
s_6609,8
s_661,9
s_6610,4
s_6611,5
s_6612,9
s_6613,24
s_6614,3
s_6615,9
s_6616,8
s_6617,7
s_6618,8
s_6619,12
s_662,9
s_6620,10
s_6621,6
s_6622,7
s_6623,4
s_6624,5
s_6625,6
s_6626,4
s_6627,8
s_6628,10
s_6629,8
s_663,8
s_6630,12
s_6631,13
s_6632,27
s_6633,7
s_6634,13
s_6635,12
s_6636,4
s_6637,28
s_6638,7
s_6639,4
s_664,13
s_6640,4
s_6641,5
s_6642,7
s_6643,9
s_6644,3
s_6645,8
s_6646,6
s_6647,5
s_6648,13
s_6649,12
s_665,8
s_6650,3
s_6651,9
s_6652,10
s_6653,5
s_6654,4
s_6655,12
s_6656,8
s_6657,13
s_6658,9
s_6659,25
s_666,3
s_6660,10
s_6661,9
s_6662,5
s_6663,11
s_6664,7
s_6665,3
s_6666,8
s_6667,9
s_6668,13
s_6669,7
s_667,6
s_6670,9
s_6671,4
s_6672,8
s_6673,15
s_6674,3
s_6675,10
s_6676,5
s_6677,9
s_6678,5
s_6679,19
s_668,7
s_6680,8
s_6681,11
s_6682,28
s_6683,3
s_6684,5
s_6685,3
s_6686,9
s_6687,12
s_6688,6
s_6689,6
s_669,7
s_6690,5
s_6691,19
s_6692,3
s_6693,3
s_6694,6
s_6695,14
s_6696,19
s_6697,15
s_6698,10
s_6699,11
s_67,14
s_670,9
s_6700,4
s_6701,5
s_6702,7
s_6703,3
s_6704,10
s_6705,14
s_6706,10
s_6707,6
s_6708,8
s_6709,22
s_671,3
s_6710,10
s_6711,22
s_6712,9
s_6713,9
s_6714,25
s_6715,20
s_6716,7
s_6717,33
s_6718,6
s_6719,9
s_672,18
s_6720,3
s_6721,20
s_6722,7
s_6723,10
s_6724,9
s_6725,11
s_6726,12
s_6727,6
s_6728,5
s_6729,20
s_673,3
s_6730,5
s_6731,5
s_6732,24
s_6733,16
s_6734,11
s_6735,11
s_6736,7
s_6737,7
s_6738,12
s_6739,9
s_674,12
s_6740,18
s_6741,8
s_6742,6
s_6743,16
s_6744,9
s_6745,4
s_6746,37
s_6747,11
s_6748,3
s_6749,5
s_675,7
s_6750,9
s_6751,5
s_6752,3
s_6753,6
s_6754,9
s_6755,9
s_6756,8
s_6757,6
s_6758,3
s_6759,4
s_676,11
s_6760,3
s_6761,16
s_6762,20
s_6763,6
s_6764,11
s_6765,5
s_6766,6
s_6767,20
s_6768,11
s_6769,4
s_677,8
s_6770,7
s_6771,5
s_6772,12
s_6773,9
s_6774,7
s_6775,3
s_6776,3
s_6777,10
s_6778,10
s_6779,7
s_678,6
s_6780,4
s_6781,5
s_6782,7
s_6783,5
s_6784,3
s_6785,6
s_6786,14
s_6787,5
s_6788,5
s_6789,10
s_679,12
s_6790,9
s_6791,14
s_6792,12
s_6793,11
s_6794,7
s_6795,18
s_6796,11
s_6797,5
s_6798,13
s_6799,8
s_68,7
s_680,11
s_6800,9
s_6801,26
s_6802,4
s_6803,5
s_6804,6
s_6805,30
s_6806,11
s_6807,9
s_6808,11
s_6809,21
s_681,6
s_6810,8
s_6811,8
s_6812,28
s_6813,8
s_6814,4
s_6815,8
s_6816,5
s_6817,3
s_6818,5
s_6819,12
s_682,4
s_6820,7
s_6821,15
s_6822,6
s_6823,5
s_6824,9
s_6825,15
s_6826,14
s_6827,22
s_6828,8
s_6829,15
s_683,5
s_6830,8
s_6831,12
s_6832,14
s_6833,9
s_6834,11
s_6835,12
s_6836,8
s_6837,4
s_6838,9
s_6839,24
s_684,8
s_6840,6
s_6841,3
s_6842,20
s_6843,4
s_6844,5
s_6845,11
s_6846,18
s_6847,8
s_6848,4
s_6849,6
s_685,15
s_6850,5
s_6851,3
s_6852,9
s_6853,4
s_6854,7
s_6855,6
s_6856,6
s_6857,20
s_6858,10
s_6859,5
s_686,8
s_6860,22
s_6861,22
s_6862,9
s_6863,11
s_6864,4
s_6865,31
s_6866,3
s_6867,9
s_6868,4
s_6869,9
s_687,12
s_6870,5
s_6871,7
s_6872,6
s_6873,10
s_6874,4
s_6875,15
s_6876,19
s_6877,13
s_6878,9
s_6879,8
s_688,37
s_6880,17
s_6881,6
s_6882,3
s_6883,6
s_6884,10
s_6885,9
s_6886,15
s_6887,8
s_6888,5
s_6889,5
s_689,8
s_6890,3
s_6891,16
s_6892,14
s_6893,21
s_6894,9
s_6895,15
s_6896,13
s_6897,9
s_6898,11
s_6899,12
s_69,3
s_690,15
s_6900,40
s_6901,28
s_6902,12
s_6903,9
s_6904,30
s_6905,19
s_6906,3
s_6907,17
s_6908,11
s_6909,14
s_691,14
s_6910,3
s_6911,9
s_6912,5
s_6913,9
s_6914,3
s_6915,30
s_6916,6
s_6917,11
s_6918,8
s_6919,8
s_692,3
s_6920,5
s_6921,20
s_6922,3
s_6923,12
s_6924,9
s_6925,7
s_6926,6
s_6927,6
s_6928,12
s_6929,3
s_693,10
s_6930,10
s_6931,5
s_6932,5
s_6933,5
s_6934,6
s_6935,7
s_6936,6
s_6937,9
s_6938,12
s_6939,7
s_694,5
s_6940,5
s_6941,13
s_6942,8
s_6943,10
s_6944,11
s_6945,9
s_6946,9
s_6947,11
s_6948,6
s_6949,10
s_695,9
s_6950,4
s_6951,5
s_6952,14
s_6953,6
s_6954,5
s_6955,4
s_6956,5
s_6957,12
s_6958,19
s_6959,8
s_696,8
s_6960,3
s_6961,6
s_6962,5
s_6963,19
s_6964,3
s_6965,14
s_6966,10
s_6967,17
s_6968,4
s_6969,5
s_697,13
s_6970,3
s_6971,11
s_6972,3
s_6973,9
s_6974,10
s_6975,9
s_6976,8
s_6977,22
s_6978,10
s_6979,8
s_698,5
s_6980,26
s_6981,9
s_6982,4
s_6983,18
s_6984,21
s_6985,6
s_6986,6
s_6987,7
s_6988,8
s_6989,6
s_699,7
s_6990,4
s_6991,60
s_6992,10
s_6993,5
s_6994,5
s_6995,5
s_6996,9
s_6997,5
s_6998,3
s_6999,3
s_7,7
s_70,9
s_700,6
s_7000,5
s_7001,12
s_7002,3
s_7003,10
s_7004,9
s_7005,4
s_7006,14
s_7007,25
s_7008,9
s_7009,3
s_701,3
s_7010,10
s_7011,7
s_7012,9
s_7013,7
s_7014,6
s_7015,3
s_7016,6
s_7017,20
s_7018,3
s_7019,11
s_702,25
s_7020,4
s_7021,18
s_7022,14
s_7023,7
s_7024,3
s_7025,9
s_7026,3
s_7027,5
s_7028,10
s_7029,9
s_703,10
s_7030,4
s_7031,3
s_7032,6
s_7033,4
s_7034,9
s_7035,7
s_7036,4
s_7037,7
s_7038,6
s_7039,4
s_704,6
s_7040,6
s_7041,7
s_7042,17
s_7043,21
s_7044,20
s_7045,7
s_7046,3
s_7047,6
s_7048,10
s_7049,10
s_705,7
s_7050,14
s_7051,19
s_7052,7
s_7053,4
s_7054,3
s_7055,9
s_7056,17
s_7057,28
s_7058,10
s_7059,8
s_706,10
s_7060,6
s_7061,7
s_7062,9
s_7063,6
s_7064,6
s_7065,12
s_7066,3
s_7067,10
s_7068,16
s_7069,15
s_707,6
s_7070,6
s_7071,8
s_7072,3
s_7073,17
s_7074,7
s_7075,3
s_7076,5
s_7077,5
s_7078,18
s_7079,17
s_708,8
s_7080,12
s_7081,8
s_7082,9
s_7083,11
s_7084,5
s_7085,10
s_7086,11
s_7087,6
s_7088,10
s_7089,6
s_709,6
s_7090,5
s_7091,5
s_7092,19
s_7093,6
s_7094,5
s_7095,9
s_7096,15
s_7097,10
s_7098,8
s_7099,6
s_71,10
s_710,18
s_7100,5
s_7101,12
s_7102,18
s_7103,24
s_7104,3
s_7105,12
s_7106,9
s_7107,4
s_7108,22
s_7109,6
s_711,29
s_7110,13
s_7111,3
s_7112,4
s_7113,13
s_7114,21
s_7115,8
s_7116,8
s_7117,16
s_7118,4
s_7119,8
s_712,5
s_7120,16
s_7121,10
s_7122,6
s_7123,6
s_7124,16
s_7125,5
s_7126,6
s_7127,10
s_7128,19
s_7129,4
s_713,6
s_7130,3
s_7131,5
s_7132,5
s_7133,6
s_7134,20
s_7135,11
s_7136,4
s_7137,3
s_7138,6
s_7139,6
s_714,8
s_7140,15
s_7141,7
s_7142,3
s_7143,10
s_7144,5
s_7145,6
s_7146,4
s_7147,15
s_7148,25
s_7149,6
s_715,10
s_7150,6
s_7151,9
s_7152,3
s_7153,3
s_7154,7
s_7155,22
s_7156,7
s_7157,9
s_7158,6
s_7159,15
s_716,11
s_7160,9
s_7161,14
s_7162,17
s_7163,3
s_7164,14
s_7165,24
s_7166,8
s_7167,23
s_7168,11
s_7169,3
s_717,26
s_7170,23
s_7171,7
s_7172,25
s_7173,14
s_7174,3
s_7175,13
s_7176,9
s_7177,15
s_7178,16
s_7179,4
s_718,18
s_7180,14
s_7181,7
s_7182,9
s_7183,5
s_7184,9
s_7185,6
s_7186,9
s_7187,16
s_7188,17
s_7189,18
s_719,3
s_7190,5
s_7191,11
s_7192,12
s_7193,3
s_7194,4
s_7195,6
s_7196,4
s_7197,19
s_7198,6
s_7199,5
s_72,27
s_720,5
s_7200,7
s_7201,10
s_7202,12
s_7203,8
s_7204,10
s_7205,6
s_7206,9
s_7207,8
s_7208,4
s_7209,15
s_721,14
s_7210,8
s_7211,10
s_7212,7
s_7213,5
s_7214,11
s_7215,12
s_7216,7
s_7217,10
s_7218,7
s_7219,7
s_722,8
s_7220,17
s_7221,7
s_7222,5
s_7223,10
s_7224,33
s_7225,6
s_7226,4
s_7227,7
s_7228,12
s_7229,5
s_723,19
s_7230,8
s_7231,17
s_7232,22
s_7233,13
s_7234,7
s_7235,9
s_7236,25
s_7237,18
s_7238,30
s_7239,24
s_724,6
s_7240,10
s_7241,7
s_7242,30
s_7243,12
s_7244,9
s_7245,15
s_7246,19
s_7247,13
s_7248,15
s_7249,16
s_725,3
s_7250,4
s_7251,6
s_7252,5
s_7253,7
s_7254,9
s_7255,31
s_7256,11
s_7257,11
s_7258,18
s_7259,5
s_726,17
s_7260,5
s_7261,10
s_7262,8
s_7263,4
s_7264,17
s_7265,3
s_7266,9
s_7267,4
s_7268,4
s_7269,11
s_727,6
s_7270,8
s_7271,7
s_7272,4
s_7273,10
s_7274,8
s_7275,4
s_7276,19
s_7277,3
s_7278,8
s_7279,3
s_728,25
s_7280,16
s_7281,9
s_7282,14
s_7283,26
s_7284,3
s_7285,5
s_7286,6
s_7287,9
s_7288,7
s_7289,26
s_729,10
s_7290,15
s_7291,4
s_7292,18
s_7293,6
s_7294,5
s_7295,9
s_7296,11
s_7297,7
s_7298,19
s_7299,13
s_73,14
s_730,4
s_7300,22
s_7301,9
s_7302,11
s_7303,10
s_7304,8
s_7305,5
s_7306,12
s_7307,4
s_7308,13
s_7309,11
s_731,17
s_7310,9
s_7311,6
s_7312,3
s_7313,24
s_7314,10
s_7315,3
s_7316,18
s_7317,14
s_7318,7
s_7319,7
s_732,11
s_7320,4
s_7321,11
s_7322,3
s_7323,11
s_7324,10
s_7325,13
s_7326,6
s_7327,11
s_7328,9
s_7329,5
s_733,6
s_7330,3
s_7331,17
s_7332,11
s_7333,4
s_7334,4
s_7335,6
s_7336,11
s_7337,9
s_7338,3
s_7339,13
s_734,9
s_7340,4
s_7341,7
s_7342,4
s_7343,5
s_7344,7
s_7345,5
s_7346,16
s_7347,21
s_7348,10
s_7349,4
s_735,17
s_7350,16
s_7351,6
s_7352,5
s_7353,22
s_7354,3
s_7355,14
s_7356,11
s_7357,4
s_7358,12
s_7359,3
s_736,9
s_7360,3
s_7361,8
s_7362,5
s_7363,20
s_7364,4
s_7365,7
s_7366,9
s_7367,5
s_7368,5
s_7369,6
s_737,6
s_7370,4
s_7371,7
s_7372,3
s_7373,8
s_7374,6
s_7375,10
s_7376,3
s_7377,13
s_7378,3
s_7379,6
s_738,20
s_7380,15
s_7381,15
s_7382,12
s_7383,3
s_7384,9
s_7385,15
s_7386,7
s_7387,4
s_7388,17
s_7389,6
s_739,3
s_7390,12
s_7391,3
s_7392,9
s_7393,6
s_7394,6
s_7395,3
s_7396,3
s_7397,6
s_7398,10
s_7399,3
s_74,3
s_740,10
s_7400,11
s_7401,7
s_7402,3
s_7403,26
s_7404,5
s_7405,3
s_7406,7
s_7407,13
s_7408,4
s_7409,13
s_741,9
s_7410,3
s_7411,7
s_7412,10
s_7413,6
s_7414,4
s_7415,3
s_7416,8
s_7417,4
s_7418,8
s_7419,3
s_742,3
s_7420,4
s_7421,5
s_7422,6
s_7423,11
s_7424,4
s_7425,3
s_7426,13
s_7427,4
s_7428,13
s_7429,7
s_743,8
s_7430,8
s_7431,19
s_7432,8
s_7433,6
s_7434,15
s_7435,19
s_7436,5
s_7437,8
s_7438,4
s_7439,14
s_744,12
s_7440,3
s_7441,12
s_7442,9
s_7443,40
s_7444,22
s_7445,7
s_7446,3
s_7447,13
s_7448,8
s_7449,7
s_745,6
s_7450,9
s_7451,4
s_7452,16
s_7453,16
s_7454,4
s_7455,11
s_7456,3
s_7457,27
s_7458,6
s_7459,9
s_746,14
s_7460,8
s_7461,10
s_7462,9
s_7463,3
s_7464,14
s_7465,5
s_7466,10
s_7467,8
s_7468,7
s_7469,9
s_747,4
s_7470,14
s_7471,4
s_7472,3
s_7473,28
s_7474,18
s_7475,3
s_7476,13
s_7477,10
s_7478,5
s_7479,13
s_748,23
s_7480,5
s_7481,6
s_7482,5
s_7483,7
s_7484,15
s_7485,4
s_7486,11
s_7487,15
s_7488,14
s_7489,7
s_749,7
s_7490,14
s_7491,3
s_7492,5
s_7493,9
s_7494,16
s_7495,7
s_7496,6
s_7497,4
s_7498,15
s_7499,3
s_75,13
s_750,11
s_7500,14
s_7501,7
s_7502,13
s_7503,5
s_7504,17
s_7505,7
s_7506,11
s_7507,6
s_7508,9
s_7509,3
s_751,11
s_7510,11
s_7511,3
s_7512,8
s_7513,3
s_7514,4
s_7515,15
s_7516,16
s_7517,7
s_7518,17
s_7519,9
s_752,8
s_7520,7
s_7521,15
s_7522,10
s_7523,8
s_7524,27
s_7525,11
s_7526,13
s_7527,18
s_7528,5
s_7529,10
s_753,39
s_7530,5
s_7531,4
s_7532,9
s_7533,7
s_7534,18
s_7535,12
s_7536,17
s_7537,24
s_7538,20
s_7539,6
s_754,19
s_7540,6
s_7541,8
s_7542,12
s_7543,12
s_7544,12
s_7545,10
s_7546,6
s_7547,7
s_7548,39
s_7549,7
s_755,3
s_7550,9
s_7551,5
s_7552,5
s_7553,8
s_7554,8
s_7555,23
s_7556,4
s_7557,11
s_7558,8
s_7559,10
s_756,3
s_7560,14
s_7561,11
s_7562,5
s_7563,9
s_7564,9
s_7565,5
s_7566,8
s_7567,4
s_7568,11
s_7569,16
s_757,3
s_7570,8
s_7571,15
s_7572,19
s_7573,3
s_7574,8
s_7575,25
s_7576,8
s_7577,4
s_7578,4
s_7579,24
s_758,8
s_7580,10
s_7581,13
s_7582,3
s_7583,7
s_7584,3
s_7585,7
s_7586,14
s_7587,7
s_7588,3
s_7589,9
s_759,6
s_7590,23
s_7591,4
s_7592,8
s_7593,14
s_7594,5
s_7595,3
s_7596,13
s_7597,14
s_7598,8
s_7599,3
s_76,3
s_760,33
s_7600,3
s_7601,8
s_7602,14
s_7603,13
s_7604,3
s_7605,13
s_7606,5
s_7607,6
s_7608,20
s_7609,5
s_761,18
s_7610,11
s_7611,3
s_7612,21
s_7613,21
s_7614,11
s_7615,14
s_7616,8
s_7617,24
s_7618,3
s_7619,10
s_762,5
s_7620,6
s_7621,16
s_7622,11
s_7623,12
s_7624,7
s_7625,8
s_7626,18
s_7627,4
s_7628,10
s_7629,6
s_763,22
s_7630,6
s_7631,8
s_7632,5
s_7633,8
s_7634,4
s_7635,5
s_7636,3
s_7637,11
s_7638,3
s_7639,8
s_764,4
s_7640,12
s_7641,20
s_7642,6
s_7643,10
s_7644,7
s_7645,4
s_7646,3
s_7647,13
s_7648,14
s_7649,21
s_765,4
s_7650,4
s_7651,12
s_7652,5
s_7653,10
s_7654,9
s_7655,7
s_7656,7
s_7657,10
s_7658,4
s_7659,11
s_766,4
s_7660,12
s_7661,9
s_7662,19
s_7663,5
s_7664,10
s_7665,4
s_7666,3
s_7667,5
s_7668,21
s_7669,10
s_767,6
s_7670,8
s_7671,17
s_7672,9
s_7673,9
s_7674,12
s_7675,4
s_7676,5
s_7677,4
s_7678,3
s_7679,11
s_768,12
s_7680,47
s_7681,17
s_7682,13
s_7683,4
s_7684,11
s_7685,22
s_7686,9
s_7687,8
s_7688,4
s_7689,5
s_769,14
s_7690,9
s_7691,13
s_7692,4
s_7693,14
s_7694,5
s_7695,3
s_7696,8
s_7697,13
s_7698,27
s_7699,5
s_77,3
s_770,14
s_7700,7
s_7701,6
s_7702,5
s_7703,11
s_7704,3
s_7705,3
s_7706,8
s_7707,11
s_7708,18
s_7709,4
s_771,9
s_7710,5
s_7711,19
s_7712,3
s_7713,10
s_7714,4
s_7715,4
s_7716,7
s_7717,3
s_7718,3
s_7719,11
s_772,5
s_7720,14
s_7721,6
s_7722,7
s_7723,3
s_7724,3
s_7725,8
s_7726,3
s_7727,6
s_7728,20
s_7729,4
s_773,5
s_7730,5
s_7731,7
s_7732,3
s_7733,10
s_7734,12
s_7735,3
s_7736,4
s_7737,17
s_7738,3
s_7739,3
s_774,9
s_7740,3
s_7741,25
s_7742,21
s_7743,9
s_7744,17
s_7745,3
s_7746,4
s_7747,26
s_7748,5
s_7749,8
s_775,12
s_7750,6
s_7751,9
s_7752,7
s_7753,12
s_7754,10
s_7755,3
s_7756,4
s_7757,5
s_7758,4
s_7759,5
s_776,11
s_7760,11
s_7761,8
s_7762,11
s_7763,17
s_7764,24
s_7765,6
s_7766,22
s_7767,14
s_7768,10
s_7769,12
s_777,6
s_7770,3
s_7771,3
s_7772,10
s_7773,3
s_7774,14
s_7775,3
s_7776,42
s_7777,5
s_7778,6
s_7779,14
s_778,12
s_7780,34
s_7781,20
s_7782,9
s_7783,3
s_7784,10
s_7785,3
s_7786,3
s_7787,9
s_7788,8
s_7789,14
s_779,6
s_7790,10
s_7791,21
s_7792,4
s_7793,8
s_7794,5
s_7795,9
s_7796,3
s_7797,3
s_7798,6
s_7799,5
s_78,3
s_780,8
s_7800,5
s_7801,9
s_7802,6
s_7803,7
s_7804,3
s_7805,4
s_7806,7
s_7807,28
s_7808,3
s_7809,23
s_781,6
s_7810,6
s_7811,4
s_7812,11
s_7813,3
s_7814,4
s_7815,11
s_7816,15
s_7817,7
s_7818,3
s_7819,6
s_782,14
s_7820,11
s_7821,12
s_7822,3
s_7823,4
s_7824,5
s_7825,11
s_7826,7
s_7827,11
s_7828,17
s_7829,9
s_783,3
s_7830,16
s_7831,4
s_7832,10
s_7833,3
s_7834,22
s_7835,18
s_7836,4
s_7837,16
s_7838,18
s_7839,7
s_784,9
s_7840,10
s_7841,11
s_7842,6
s_7843,17
s_7844,12
s_7845,4
s_7846,17
s_7847,9
s_7848,15
s_7849,4
s_785,4
s_7850,4
s_7851,9
s_7852,13
s_7853,4
s_7854,5
s_7855,3
s_7856,3
s_7857,12
s_7858,6
s_7859,4
s_786,12
s_7860,4
s_7861,18
s_7862,11
s_7863,4
s_7864,20
s_7865,5
s_7866,27
s_7867,11
s_7868,8
s_7869,30
s_787,8
s_7870,5
s_7871,10
s_7872,4
s_7873,5
s_7874,7
s_7875,5
s_7876,6
s_7877,9
s_7878,7
s_7879,12
s_788,6
s_7880,9
s_7881,8
s_7882,8
s_7883,10
s_7884,14
s_7885,5
s_7886,7
s_7887,5
s_7888,11
s_7889,5
s_789,3
s_7890,8
s_7891,6
s_7892,37
s_7893,17
s_7894,4
s_7895,26
s_7896,6
s_7897,8
s_7898,7
s_7899,6
s_79,4
s_790,3
s_7900,13
s_7901,23
s_7902,16
s_7903,14
s_7904,5
s_7905,5
s_7906,8
s_7907,10
s_7908,5
s_7909,12
s_791,15
s_7910,16
s_7911,10
s_7912,8
s_7913,3
s_7914,3
s_7915,7
s_7916,11
s_7917,13
s_7918,7
s_7919,9
s_792,9
s_7920,9
s_7921,9
s_7922,13
s_7923,24
s_7924,7
s_7925,3
s_7926,4
s_7927,10
s_7928,7
s_7929,10
s_793,3
s_7930,10
s_7931,4
s_7932,4
s_7933,7
s_7934,6
s_7935,3
s_7936,16
s_7937,5
s_7938,12
s_7939,5
s_794,7
s_7940,14
s_7941,7
s_7942,3
s_7943,5
s_7944,10
s_7945,6
s_7946,8
s_7947,14
s_7948,3
s_7949,10
s_795,10
s_7950,5
s_7951,3
s_7952,7
s_7953,14
s_7954,24
s_7955,6
s_7956,15
s_7957,13
s_7958,3
s_7959,5
s_796,7
s_7960,9
s_7961,6
s_7962,4
s_7963,17
s_7964,5
s_7965,6
s_7966,3
s_7967,5
s_7968,7
s_7969,11
s_797,17
s_7970,31
s_7971,5
s_7972,7
s_7973,5
s_7974,7
s_7975,7
s_7976,15
s_7977,23
s_7978,3
s_7979,5
s_798,6
s_7980,5
s_7981,9
s_7982,3
s_7983,10
s_7984,16
s_7985,8
s_7986,14
s_7987,3
s_7988,14
s_7989,5
s_799,5
s_7990,21
s_7991,5
s_7992,4
s_7993,32
s_7994,4
s_7995,26
s_7996,5
s_7997,8
s_7998,4
s_7999,10
s_8,11
s_80,13
s_800,15
s_8000,3
s_8001,3
s_8002,36
s_8003,12
s_8004,3
s_8005,7
s_8006,8
s_8007,8
s_8008,19
s_8009,10
s_801,11
s_8010,8
s_8011,7
s_8012,11
s_8013,15
s_8014,14
s_8015,7
s_8016,10
s_8017,7
s_8018,8
s_8019,14
s_802,8
s_8020,8
s_8021,11
s_8022,10
s_8023,8
s_8024,3
s_8025,13
s_8026,7
s_8027,7
s_8028,17
s_8029,6
s_803,11
s_8030,18
s_8031,5
s_8032,18
s_8033,7
s_8034,15
s_8035,7
s_8036,9
s_8037,13
s_8038,6
s_8039,5
s_804,3
s_8040,17
s_8041,7
s_8042,3
s_8043,7
s_8044,4
s_8045,5
s_8046,7
s_8047,5
s_8048,6
s_8049,12
s_805,12
s_8050,7
s_8051,7
s_8052,8
s_8053,13
s_8054,12
s_8055,12
s_8056,5
s_8057,8
s_8058,8
s_8059,8
s_806,3
s_8060,7
s_8061,5
s_8062,7
s_8063,6
s_8064,8
s_8065,3
s_8066,13
s_8067,9
s_8068,9
s_8069,8
s_807,7
s_8070,6
s_8071,3
s_8072,6
s_8073,6
s_8074,14
s_8075,22
s_8076,6
s_8077,7
s_8078,12
s_8079,10
s_808,8
s_8080,36
s_8081,7
s_8082,9
s_8083,3
s_8084,5
s_8085,5
s_8086,8
s_8087,8
s_8088,3
s_8089,5
s_809,11
s_8090,4
s_8091,8
s_8092,12
s_8093,3
s_8094,10
s_8095,8
s_8096,6
s_8097,13
s_8098,10
s_81,7
s_810,21
s_811,5
s_812,10
s_813,8
s_814,6
s_815,5
s_816,3
s_817,5
s_818,5
s_819,8
s_82,7
s_820,9
s_821,12
s_822,9
s_823,20
s_824,4
s_825,6
s_826,3
s_827,9
s_828,7
s_829,8
s_83,6
s_830,4
s_831,17
s_832,5
s_833,20
s_834,12
s_835,10
s_836,6
s_837,9
s_838,8
s_839,10
s_84,3
s_840,14
s_841,4
s_842,12
s_843,10
s_844,10
s_845,4
s_846,13
s_847,3
s_848,10
s_849,3
s_85,19
s_850,3
s_851,9
s_852,23
s_853,7
s_854,5
s_855,6
s_856,10
s_857,4
s_858,3
s_859,14
s_86,6
s_860,5
s_861,11
s_862,8
s_863,13
s_864,32
s_865,6
s_866,6
s_867,6
s_868,21
s_869,5
s_87,7
s_870,6
s_871,10
s_872,16
s_873,7
s_874,9
s_875,3
s_876,7
s_877,60
s_878,3
s_879,12
s_88,5
s_880,5
s_881,3
s_882,7
s_883,4
s_884,21
s_885,7
s_886,8
s_887,15
s_888,5
s_889,8
s_89,17
s_890,7
s_891,3
s_892,3
s_893,6
s_894,6
s_895,4
s_896,3
s_897,12
s_898,6
s_899,5
s_9,5
s_90,11
s_900,3
s_901,5
s_902,17
s_903,5
s_904,3
s_905,13
s_906,6
s_907,5
s_908,10
s_909,8
s_91,5
s_910,6
s_911,3
s_912,23
s_913,20
s_914,9
s_915,7
s_916,13
s_917,3
s_918,12
s_919,3
s_92,3
s_920,8
s_921,42
s_922,11
s_923,16
s_924,24
s_925,4
s_926,22
s_927,17
s_928,22
s_929,16
s_93,3
s_930,5
s_931,6
s_932,8
s_933,4
s_934,6
s_935,6
s_936,14
s_937,17
s_938,3
s_939,13
s_94,15
s_940,17
s_941,8
s_942,15
s_943,5
s_944,12
s_945,25
s_946,13
s_947,3
s_948,14
s_949,9
s_95,3
s_950,3
s_951,28
s_952,8
s_953,5
s_954,17
s_955,5
s_956,8
s_957,6
s_958,6
s_959,4
s_96,8
s_960,9
s_961,12
s_962,14
s_963,18
s_964,6
s_965,5
s_966,7
s_967,13
s_968,8
s_969,6
s_97,6
s_970,4
s_971,14
s_972,5
s_973,9
s_974,18
s_975,3
s_976,6
s_977,3
s_978,5
s_979,7
s_98,4
s_980,8
s_981,12
s_982,3
s_983,9
s_984,4
s_985,8
s_986,7
s_987,16
s_988,7
s_989,14
s_99,14
s_990,11
s_991,3
s_992,3
s_993,15
s_994,4
s_995,11
s_996,22
s_997,15
s_998,3
s_999,14
